pipeline_name,artifact_role,artifact_kind,path_scope,publishable_path,exists,committed_to_public_repo,row_count,structure_count,bytes,sha256,label_assignment_status,guardrail
MatterGen_hf_base_smoke_unconditional,public_safe_input,extxyz_coordinates_public_smoke,public_repo,inputs/phase2_v1/mattergen_hf_base_smoke_generated_crystals.extxyz,True,True,,2.0,1121,1d9f7fc3c972a56cd1c258000b361828317bce58d7750f30225f6e9677b4aca4,unmatched_no_exact_sourceaware_label_assignment,Small public smoke extxyz is used only for ingestion/provenance; no homogeneous DFT validation is claimed.
MatterGen_pilot_5k_public_safe_formulas,public_safe_input,formula_rank_csv_no_coordinates_no_energies,public_repo,inputs/phase2_v1/mattergen_pilot_5k_public_safe_formulas.csv,True,True,5000.0,,1026812,9c562a44e02fa4e7808f8b9933beadd16c18cf8aff079d807f3b7635d931961a,formula_only_overlap_no_label_assignment,Formula/rank-only MatterGen pilot table is never converted to stable/unstable SourceAware labels.
PGCGM_public_safe_generated_pool,public_safe_input,formula_metadata_csv_public_safe,public_repo,inputs/phase2_v1/pgcgm_unlabeled_candidate_pool_public_safe_input.csv,True,True,3000.0,,1159409,632a638bfeae0cf28d7038193c3301f2d8127904a39ee059307a8ae93b8579e6,formula_only_overlap_no_label_assignment,Public-safe generated-pool metadata excludes private structures and DFT outcomes.
CHGNet_screened_public_hull_top5000,public_safe_input,screened_candidate_csv,public_repo,outputs/milestones/model_facing_benchmark_sensitivity_check/candidate_scores_chgnet_5000_v2_ehull.csv,True,True,5000.0,,1376808,333cf8a18124ec14ab61e01cac0de8afdd86e151bade3dc7da50c789c6fe1343,exact_sourceaware_matches_when_mp_id_present,"Screened candidates with MP IDs support SourceAware benchmark consequence, not new-material DFT validation."
MatterGen_pilot_5k_public_safe_formulas,private_raw_generation_artifact_redacted,extxyz_coordinates_private_not_committed,private_local_not_committed,<redacted_private_path>/shard0/generated_crystals.extxyz,True,False,,1680.0,1174233,5c506c7701e74a5b0c06ee38b4d7a38b0ff93f4e0d37938bece7f66dc8e741be,not_used_for_public_label_assignment,Private raw generated structures are audited by hash/count only and are not committed or treated as validated stable materials.
MatterGen_pilot_5k_public_safe_formulas,private_raw_generation_artifact_redacted,extxyz_coordinates_private_not_committed,private_local_not_committed,<redacted_private_path>/shard1/generated_crystals.extxyz,True,False,,1660.0,1161719,27469fd8d3f6a9bca7f44c1e289aa3cf9b47fad04b2b9e0a850a9ad1c7b888f1,not_used_for_public_label_assignment,Private raw generated structures are audited by hash/count only and are not committed or treated as validated stable materials.
MatterGen_pilot_5k_public_safe_formulas,private_raw_generation_artifact_redacted,extxyz_coordinates_private_not_committed,private_local_not_committed,<redacted_private_path>/shard2/generated_crystals.extxyz,True,False,,1660.0,1161907,a2ff537ac565882943db9aea19e778f68039df0afe6a6b0f128e04f217705848,not_used_for_public_label_assignment,Private raw generated structures are audited by hash/count only and are not committed or treated as validated stable materials.
MatterGen_pilot_5k_public_safe_formulas,private_raw_generation_artifact_redacted,cif_zip_private_not_committed,private_local_not_committed,<redacted_private_path>/pilot_5k_3gpu_merged/generated_crystals_cif.zip,True,False,,,3964265,66c2cbf529b208c465004e0abe4eb2a42d84bc9589c2cf4afdc1de1323912db8,not_used_for_public_label_assignment,Private raw CIF archive is audited by hash only and is not committed to the public benchmark repository.
MatterGen_pilot_5k_public_safe_formulas,public_private_count_consistency_check,count_consistency_audit,derived_audit,public_formula_rows_vs_private_extxyz_structure_count,True,True,5000.0,5000.0,0,,count_consistent_no_label_assignment,Count consistency does not expose coordinates and does not create SourceAware stable/unstable labels.
