requirement_id,status,evidence,primary_artifacts,guardrail
1_model_score_inventory,complete_with_scope_guardrails,24 inventory rows; 12 SourceAware-scored entries including baselines; 4 real SourceAware-scored models; 7 external WBM tables and 1799233 WBM rows audited; WBM-native contextual metric models=7; score-direction audit rows=19; formula-overlap-only WBM rows=197267; 9 Figshare targets unavailable in this environment,outputs/phase2_v1/model_scores/model_score_inventory.csv; outputs/phase2_v1/model_scores/model_score_direction_audit.csv; outputs/phase2_v1/model_scores/all_model_scores_long.parquet; outputs/phase2_v1/model_scores/all_model_scores_wide.parquet; outputs/phase2_v1/model_scores/matbench_external_score_audit.csv; outputs/phase2_v1/model_scores/matbench_external_formula_overlap_audit.csv; outputs/phase2_v1/model_scores/external_wbm_native_metrics.csv; outputs/phase2_v1/model_scores/external_wbm_native_topk.csv,External WBM rows use WBM IDs and formula-only overlap is never used for SourceAware label-view metrics without exact structure mapping.
2_model_denominators,complete,D5_full=36769; D5_family=36802; D5_pairwise_rows=2428569; D5_pairwise_margin_rows=22176; D5_maxcov_rows=441591,outputs/phase2_v1/denominators/denominator_d5_full_complete.parquet; denominator_d5_family_complete.parquet; denominator_d5_pairwise_complete.parquet; denominator_d5_max_coverage_by_model.parquet; model_denominator_audit.csv; outputs/phase2_v1/model_metrics/pairwise_complete_model_margins.csv,"D5 definitions are model-coverage denominators, not physical-truth labels."
3_model_evaluation_label_views,complete_for_sourceaware_scored_models,"metrics rows=288; topK rows=1728; topK bootstrap rows=10368; rank-correlation rows=756; row-resampled bootstrap rows=576; label views=alex_pbe_native,alexmp20_native,audit_view,common_pool,consensus,mp_native,source_union,uncertain; K=100,300,500,1000,5000,10000",outputs/phase2_v1/model_metrics/metrics_by_model_label_view.csv; topk_by_model_label_view.csv; topk_by_model_label_view_bootstrap.csv; rank_correlation_by_label_view.csv; metrics_by_model_label_view_bootstrap.csv; metrics_by_model_label_view_bootstrap_resampled.csv,source_union rows are explicit not-evaluable rows when Phase 1 full-source-union reconstruction is incomplete.
4_label_uncertainty_vs_model_spread,complete,ratio rows=432; dominance_ratio_gt_1=114,outputs/phase2_v1/model_metrics/label_view_band_vs_model_spread.csv; model_margin_to_label_uncertainty_ratio.csv,Dominance ratios compare benchmark-label views; they do not adjudicate DFT truth.
5_rank_inversion_analysis,complete,all inversions rows=756; aggregate top-model inversion rows=702; real-model rank audit rows=756; family rows=756; budget rows=378,outputs/phase2_v1/rank_inversions/all_rank_inversions.csv; top_model_inversions.csv; real_model_rank_claim_audit.csv; family_level_inversions.csv; budget_dependent_inversions.csv,Reported inversions are empirical rank diagnostics under label views; no unsupported claim that a definitive best model is overturned.
6_generative_candidate_consequence,partial_guardrailed_but_artifact_complete,candidate pipelines=13; completed true-generator pipelines=2; screening completed=5; consequence rows=8; formula-support rows=33002; match-quality rows=8; artifact-provenance rows=9,outputs/phase2_v1/generative/generated_candidate_inventory.csv; generated_candidates_clean.parquet; generated_candidates_matched_to_sourceaware.parquet; generated_candidate_labels_by_view.parquet; generated_stable_yield_by_model_label_view.csv; generated_candidate_formula_support.csv; generated_candidate_match_quality_by_pipeline.csv; generated_pipeline_consequence_summary.csv; generated_candidate_artifact_provenance.csv,Generated pools without exact SourceAware structure matches remain unmatched/unsupported; formula-only overlap is not label assignment; no homogeneous DFT validation is claimed.
7_leaderboard_alpha,complete,leaderboard rows=12; inventory model cards=24,outputs/phase2_v1/leaderboard/sourceaware_leaderboard_alpha.csv; sourceaware_leaderboard_alpha.md; leaderboard_model_cards/*.md,"Leaderboard ranks are alpha benchmark-view bands, not final physical-truth rankings."
8_figures,complete,Fig. 1-6 SVG/PDF files and CSV/JSON source data generated,outputs/phase2_v1/figure_source_data/fig1_*.csv ... fig6_workflow.csv/json; outputs/phase2_v1/figures/fig1_*.svg/pdf ... fig6_*.svg/pdf,"Figures visualize benchmark diagnostics and candidate support, not homogeneous DFT validation."
9_tests_reproducibility,complete,"pytest suite includes Phase 2 tests for scores, denominators, metrics, rank inversions, generated candidates, figures and manifest; manifest includes SHA256, row counts and column counts",tests/test_phase2_*.py; outputs/phase2_v1/manifest_phase2_v1.json; outputs/phase2_v1/tests_report.md,Regeneration command: python -m sourceaware.phase2.cli build-all --phase1 outputs/phase1_v2 --out outputs/phase2_v1 --external-cache /home/waas/paper_experiments/phase2_external
