model,predictor,coefficient,odds_ratio,intercept
chemistry_only,has_oxygen,-0.6175794096740564,0.5392481579460771,-1.9662182517555473
chemistry_only,has_halogen,0.4725872096571173,1.604139073170072,
chemistry_only,has_lanthanide,0.28754013592585337,1.3331440980621128,
chemistry_only,has_tm,-0.14351696159326624,0.8663061061308115,
chemistry_plus_nelements,has_oxygen,-0.5217940303785457,0.5934549162201475,-2.0467964706791153
chemistry_plus_nelements,has_halogen,0.5359597021279687,1.7090876705212676,
chemistry_plus_nelements,has_lanthanide,0.31115931715373446,1.3650066728417578,
chemistry_plus_nelements,has_tm,-0.09792075653845292,0.9067207525982002,
chemistry_plus_nelements,n_elements,-0.09957168382788299,0.9052250575454502,
