denominator,label_view,metric,model_name,metric_value,rank,real_model_rank
D5_full_complete,mp_native,f1,ALIGNN-FF,0.35032610142419807,12,4
D5_full_complete,mp_native,precision,ALIGNN-FF,0.35032610142419807,12,4
D5_full_complete,mp_native,recall,ALIGNN-FF,0.35032610142419807,12,4
D5_full_complete,mp_native,balanced_accuracy,ALIGNN-FF,0.45067700922748327,12,4
D5_full_complete,mp_native,auroc,ALIGNN-FF,0.4633158203470023,12,4
D5_full_complete,mp_native,auprc,ALIGNN-FF,0.3801416610243876,12,4
D5_full_complete,mp_native,stable_yield@100,ALIGNN-FF,0.52,9,4
D5_full_complete,mp_native,stable_yield@300,ALIGNN-FF,0.4166666666666667,10,4
D5_full_complete,mp_native,stable_yield@500,ALIGNN-FF,0.404,11,4
D5_full_complete,mp_native,stable_yield@1000,ALIGNN-FF,0.404,11,4
D5_full_complete,mp_native,stable_yield@5000,ALIGNN-FF,0.3388,12,4
D5_full_complete,mp_native,stable_yield@10000,ALIGNN-FF,0.3413,11,3
D5_full_complete,alexmp20_native,f1,ALIGNN-FF,0.3108636773999398,12,4
D5_full_complete,alexmp20_native,precision,ALIGNN-FF,0.3108636773999398,12,4
D5_full_complete,alexmp20_native,recall,ALIGNN-FF,0.3108636773999398,12,4
D5_full_complete,alexmp20_native,balanced_accuracy,ALIGNN-FF,0.4603472878629805,12,4
D5_full_complete,alexmp20_native,auroc,ALIGNN-FF,0.4707274794056062,12,4
D5_full_complete,alexmp20_native,auprc,ALIGNN-FF,0.3351240909283344,12,4
D5_full_complete,alexmp20_native,stable_yield@100,ALIGNN-FF,0.35,10,3
D5_full_complete,alexmp20_native,stable_yield@300,ALIGNN-FF,0.2633333333333333,12,4
D5_full_complete,alexmp20_native,stable_yield@500,ALIGNN-FF,0.268,12,4
D5_full_complete,alexmp20_native,stable_yield@1000,ALIGNN-FF,0.323,12,4
D5_full_complete,alexmp20_native,stable_yield@5000,ALIGNN-FF,0.2964,12,4
D5_full_complete,alexmp20_native,stable_yield@10000,ALIGNN-FF,0.3053,12,4
D5_full_complete,alex_pbe_native,f1,ALIGNN-FF,0.29177282814169475,11,3
D5_full_complete,alex_pbe_native,precision,ALIGNN-FF,0.29177282814169475,11,3
D5_full_complete,alex_pbe_native,recall,ALIGNN-FF,0.29177282814169475,11,3
D5_full_complete,alex_pbe_native,balanced_accuracy,ALIGNN-FF,0.47075837569998324,11,3
D5_full_complete,alex_pbe_native,auroc,ALIGNN-FF,0.48272191321508673,11,3
D5_full_complete,alex_pbe_native,auprc,ALIGNN-FF,0.31276013854400475,12,4
D5_full_complete,alex_pbe_native,stable_yield@100,ALIGNN-FF,0.29,11,4
D5_full_complete,alex_pbe_native,stable_yield@300,ALIGNN-FF,0.22,12,4
D5_full_complete,alex_pbe_native,stable_yield@500,ALIGNN-FF,0.238,12,4
D5_full_complete,alex_pbe_native,stable_yield@1000,ALIGNN-FF,0.299,12,4
D5_full_complete,alex_pbe_native,stable_yield@5000,ALIGNN-FF,0.2894,12,4
D5_full_complete,alex_pbe_native,stable_yield@10000,ALIGNN-FF,0.2917,11,3
D5_full_complete,common_pool,f1,ALIGNN-FF,0.48337983743782603,11,4
D5_full_complete,common_pool,precision,ALIGNN-FF,0.48337983743782603,11,4
D5_full_complete,common_pool,recall,ALIGNN-FF,0.48337983743782603,11,4
D5_full_complete,common_pool,balanced_accuracy,ALIGNN-FF,0.46491232870201454,11,4
D5_full_complete,common_pool,auroc,ALIGNN-FF,0.47764713928991565,11,3
D5_full_complete,common_pool,auprc,ALIGNN-FF,0.4963726286121347,12,4
D5_full_complete,common_pool,stable_yield@100,ALIGNN-FF,0.57,10,4
D5_full_complete,common_pool,stable_yield@300,ALIGNN-FF,0.48333333333333334,12,4
D5_full_complete,common_pool,stable_yield@500,ALIGNN-FF,0.48,11,4
D5_full_complete,common_pool,stable_yield@1000,ALIGNN-FF,0.499,10,4
D5_full_complete,common_pool,stable_yield@5000,ALIGNN-FF,0.466,12,4
D5_full_complete,common_pool,stable_yield@10000,ALIGNN-FF,0.4708,11,3
D5_full_complete,consensus,f1,ALIGNN-FF,0.32981975334668495,12,4
D5_full_complete,consensus,precision,ALIGNN-FF,0.32981975334668495,12,4
D5_full_complete,consensus,recall,ALIGNN-FF,0.32981975334668495,12,4
D5_full_complete,consensus,balanced_accuracy,ALIGNN-FF,0.4547558474540657,12,4
D5_full_complete,consensus,auroc,ALIGNN-FF,0.4725325785828121,12,4
D5_full_complete,consensus,auprc,ALIGNN-FF,0.3600787647691679,12,4
D5_full_complete,consensus,stable_yield@100,ALIGNN-FF,0.37,12,4
D5_full_complete,consensus,stable_yield@300,ALIGNN-FF,0.3,12,4
D5_full_complete,consensus,stable_yield@500,ALIGNN-FF,0.35,12,4
D5_full_complete,consensus,stable_yield@1000,ALIGNN-FF,0.355,11,4
D5_full_complete,consensus,stable_yield@5000,ALIGNN-FF,0.326,12,4
D5_full_complete,consensus,stable_yield@10000,ALIGNN-FF,0.33,12,4
D5_full_complete,uncertain,f1,ALIGNN-FF,0.3081036610448375,9,4
D5_full_complete,uncertain,precision,ALIGNN-FF,0.3081036610448375,9,4
D5_full_complete,uncertain,recall,ALIGNN-FF,0.3081036610448375,9,4
D5_full_complete,uncertain,balanced_accuracy,ALIGNN-FF,0.4832140958998462,9,4
D5_full_complete,uncertain,auroc,ALIGNN-FF,0.47722301859426114,11,4
D5_full_complete,uncertain,auprc,ALIGNN-FF,0.3173117638568035,11,4
D5_full_complete,uncertain,stable_yield@100,ALIGNN-FF,0.38,6,4
D5_full_complete,uncertain,stable_yield@300,ALIGNN-FF,0.36333333333333334,6,4
D5_full_complete,uncertain,stable_yield@500,ALIGNN-FF,0.322,6,4
D5_full_complete,uncertain,stable_yield@1000,ALIGNN-FF,0.311,7,4
D5_full_complete,uncertain,stable_yield@5000,ALIGNN-FF,0.3114,9,4
D5_full_complete,uncertain,stable_yield@10000,ALIGNN-FF,0.3067,9,4
D5_full_complete,audit_view,f1,ALIGNN-FF,0.2254664277432276,11,3
D5_full_complete,audit_view,precision,ALIGNN-FF,0.2254664277432276,11,3
D5_full_complete,audit_view,recall,ALIGNN-FF,0.2254664277432276,11,3
D5_full_complete,audit_view,balanced_accuracy,ALIGNN-FF,0.47806566750404544,11,3
D5_full_complete,audit_view,auroc,ALIGNN-FF,0.4884532302128903,11,3
D5_full_complete,audit_view,auprc,ALIGNN-FF,0.24592435303931948,12,4
D5_full_complete,audit_view,stable_yield@100,ALIGNN-FF,0.25,10,4
D5_full_complete,audit_view,stable_yield@300,ALIGNN-FF,0.18666666666666668,12,4
D5_full_complete,audit_view,stable_yield@500,ALIGNN-FF,0.204,12,4
D5_full_complete,audit_view,stable_yield@1000,ALIGNN-FF,0.245,12,4
D5_full_complete,audit_view,stable_yield@5000,ALIGNN-FF,0.2266,12,4
D5_full_complete,audit_view,stable_yield@10000,ALIGNN-FF,0.2275,11,3
D5_full_complete,mp_native,f1,CHGNet,0.36137361906029547,11,3
D5_full_complete,mp_native,precision,CHGNet,0.36137361906029547,11,3
D5_full_complete,mp_native,recall,CHGNet,0.36137361906029547,11,3
D5_full_complete,mp_native,balanced_accuracy,CHGNet,0.46001808856247994,11,3
D5_full_complete,mp_native,auroc,CHGNet,0.46634214197055146,11,3
D5_full_complete,mp_native,auprc,CHGNet,0.3861317019669205,11,3
D5_full_complete,mp_native,stable_yield@100,CHGNet,0.62,5,1
D5_full_complete,mp_native,stable_yield@300,CHGNet,0.54,7,2
D5_full_complete,mp_native,stable_yield@500,CHGNet,0.484,9,3
D5_full_complete,mp_native,stable_yield@1000,CHGNet,0.442,10,3
D5_full_complete,mp_native,stable_yield@5000,CHGNet,0.3534,11,3
D5_full_complete,mp_native,stable_yield@10000,CHGNet,0.3404,12,4
D5_full_complete,alexmp20_native,f1,CHGNet,0.31801083358411075,11,3
D5_full_complete,alexmp20_native,precision,CHGNet,0.31801083358411075,11,3
D5_full_complete,alexmp20_native,recall,CHGNet,0.31801083358411075,11,3
D5_full_complete,alexmp20_native,balanced_accuracy,CHGNet,0.46594412275959807,11,3
D5_full_complete,alexmp20_native,auroc,CHGNet,0.4764583398038541,11,3
D5_full_complete,alexmp20_native,auprc,CHGNet,0.3424282375925994,11,3
D5_full_complete,alexmp20_native,stable_yield@100,CHGNet,0.42,6,1
D5_full_complete,alexmp20_native,stable_yield@300,CHGNet,0.39,8,2
D5_full_complete,alexmp20_native,stable_yield@500,CHGNet,0.368,10,3
D5_full_complete,alexmp20_native,stable_yield@1000,CHGNet,0.359,10,3
D5_full_complete,alexmp20_native,stable_yield@5000,CHGNet,0.314,11,3
D5_full_complete,alexmp20_native,stable_yield@10000,CHGNet,0.3066,11,3
D5_full_complete,alex_pbe_native,f1,CHGNet,0.2889783841538588,12,4
D5_full_complete,alex_pbe_native,precision,CHGNet,0.2889783841538588,12,4
D5_full_complete,alex_pbe_native,recall,CHGNet,0.2889783841538588,12,4
D5_full_complete,alex_pbe_native,balanced_accuracy,CHGNet,0.4686701529744174,12,4
D5_full_complete,alex_pbe_native,auroc,CHGNet,0.4812437461275092,12,4
D5_full_complete,alex_pbe_native,auprc,CHGNet,0.3147807771766593,11,3
D5_full_complete,alex_pbe_native,stable_yield@100,CHGNet,0.38,6,1
D5_full_complete,alex_pbe_native,stable_yield@300,CHGNet,0.33,8,2
D5_full_complete,alex_pbe_native,stable_yield@500,CHGNet,0.326,10,3
D5_full_complete,alex_pbe_native,stable_yield@1000,CHGNet,0.321,10,3
D5_full_complete,alex_pbe_native,stable_yield@5000,CHGNet,0.2932,11,3
D5_full_complete,alex_pbe_native,stable_yield@10000,CHGNet,0.2853,12,4
D5_full_complete,common_pool,f1,CHGNet,0.48459298798980954,10,3
D5_full_complete,common_pool,precision,CHGNet,0.48459298798980954,10,3
D5_full_complete,common_pool,recall,CHGNet,0.48459298798980954,10,3
D5_full_complete,common_pool,balanced_accuracy,CHGNet,0.4661688454832708,10,3
D5_full_complete,common_pool,auroc,CHGNet,0.47714848087546924,12,4
D5_full_complete,common_pool,auprc,CHGNet,0.5011589083844536,11,3
D5_full_complete,common_pool,stable_yield@100,CHGNet,0.72,7,1
D5_full_complete,common_pool,stable_yield@300,CHGNet,0.62,8,2
D5_full_complete,common_pool,stable_yield@500,CHGNet,0.578,9,3
D5_full_complete,common_pool,stable_yield@1000,CHGNet,0.54,9,3
D5_full_complete,common_pool,stable_yield@5000,CHGNet,0.478,11,3
D5_full_complete,common_pool,stable_yield@10000,CHGNet,0.4654,12,4
D5_full_complete,consensus,f1,CHGNet,0.33846316011384,11,3
D5_full_complete,consensus,precision,CHGNet,0.33846316011384,11,3
D5_full_complete,consensus,recall,CHGNet,0.33846316011384,11,3
D5_full_complete,consensus,balanced_accuracy,CHGNet,0.46178793624122616,11,3
D5_full_complete,consensus,auroc,CHGNet,0.47316068878310924,11,3
D5_full_complete,consensus,auprc,CHGNet,0.3652564747342638,11,3
D5_full_complete,consensus,stable_yield@100,CHGNet,0.54,8,2
D5_full_complete,consensus,stable_yield@300,CHGNet,0.4266666666666667,10,3
D5_full_complete,consensus,stable_yield@500,CHGNet,0.414,9,3
D5_full_complete,consensus,stable_yield@1000,CHGNet,0.379,10,3
D5_full_complete,consensus,stable_yield@5000,CHGNet,0.327,11,3
D5_full_complete,consensus,stable_yield@10000,CHGNet,0.3405,10,3
D5_full_complete,uncertain,f1,CHGNet,0.30933772110242697,8,3
D5_full_complete,uncertain,precision,CHGNet,0.30933772110242697,8,3
D5_full_complete,uncertain,recall,CHGNet,0.30933772110242697,8,3
D5_full_complete,uncertain,balanced_accuracy,CHGNet,0.48413583056827697,8,3
D5_full_complete,uncertain,auroc,CHGNet,0.47922714703504216,10,3
D5_full_complete,uncertain,auprc,CHGNet,0.32130055754435566,10,3
D5_full_complete,uncertain,stable_yield@100,CHGNet,0.39,3,1
D5_full_complete,uncertain,stable_yield@300,CHGNet,0.38,4,2
D5_full_complete,uncertain,stable_yield@500,CHGNet,0.372,3,1
D5_full_complete,uncertain,stable_yield@1000,CHGNet,0.354,3,1
D5_full_complete,uncertain,stable_yield@5000,CHGNet,0.3232,6,2
D5_full_complete,uncertain,stable_yield@10000,CHGNet,0.3075,8,3
D5_full_complete,audit_view,f1,CHGNet,0.22346368715083798,12,4
D5_full_complete,audit_view,precision,CHGNet,0.22346368715083798,12,4
D5_full_complete,audit_view,recall,CHGNet,0.22346368715083798,12,4
D5_full_complete,audit_view,balanced_accuracy,CHGNet,0.476716082267597,12,4
D5_full_complete,audit_view,auroc,CHGNet,0.4879827489481727,12,4
D5_full_complete,audit_view,auprc,CHGNet,0.2479882958431099,11,3
D5_full_complete,audit_view,stable_yield@100,CHGNet,0.34,5,1
D5_full_complete,audit_view,stable_yield@300,CHGNet,0.2833333333333333,9,3
D5_full_complete,audit_view,stable_yield@500,CHGNet,0.266,10,3
D5_full_complete,audit_view,stable_yield@1000,CHGNet,0.261,10,3
D5_full_complete,audit_view,stable_yield@5000,CHGNet,0.2298,11,3
D5_full_complete,audit_view,stable_yield@10000,CHGNet,0.2236,12,4
D5_full_complete,mp_native,f1,M3GNet,0.3738852655397311,9,2
D5_full_complete,mp_native,precision,M3GNet,0.3738852655397311,9,2
D5_full_complete,mp_native,recall,M3GNet,0.3738852655397311,9,2
D5_full_complete,mp_native,balanced_accuracy,M3GNet,0.47059714226717503,9,2
D5_full_complete,mp_native,auroc,M3GNet,0.4806218945310445,10,2
D5_full_complete,mp_native,auprc,M3GNet,0.3983976334926506,10,2
D5_full_complete,mp_native,stable_yield@100,M3GNet,0.58,7,3
D5_full_complete,mp_native,stable_yield@300,M3GNet,0.53,8,3
D5_full_complete,mp_native,stable_yield@500,M3GNet,0.5,8,2
D5_full_complete,mp_native,stable_yield@1000,M3GNet,0.461,8,2
D5_full_complete,mp_native,stable_yield@5000,M3GNet,0.3824,10,2
D5_full_complete,mp_native,stable_yield@10000,M3GNet,0.3663,10,2
D5_full_complete,alexmp20_native,f1,M3GNet,0.33599157387902495,10,2
D5_full_complete,alexmp20_native,precision,M3GNet,0.33599157387902495,10,2
D5_full_complete,alexmp20_native,recall,M3GNet,0.33599157387902495,10,2
D5_full_complete,alexmp20_native,balanced_accuracy,M3GNet,0.480024581078457,10,2
D5_full_complete,alexmp20_native,auroc,M3GNet,0.48947569182743966,10,2
D5_full_complete,alexmp20_native,auprc,M3GNet,0.35211456408696656,10,2
D5_full_complete,alexmp20_native,stable_yield@100,M3GNet,0.35,10,3
D5_full_complete,alexmp20_native,stable_yield@300,M3GNet,0.37333333333333335,9,3
D5_full_complete,alexmp20_native,stable_yield@500,M3GNet,0.378,9,2
D5_full_complete,alexmp20_native,stable_yield@1000,M3GNet,0.373,9,2
D5_full_complete,alexmp20_native,stable_yield@5000,M3GNet,0.3386,10,2
D5_full_complete,alexmp20_native,stable_yield@10000,M3GNet,0.3299,10,2
D5_full_complete,alex_pbe_native,f1,M3GNet,0.3060738061970905,10,2
D5_full_complete,alex_pbe_native,precision,M3GNet,0.3060738061970905,10,2
D5_full_complete,alex_pbe_native,recall,M3GNet,0.3060738061970905,10,2
D5_full_complete,alex_pbe_native,balanced_accuracy,M3GNet,0.48144516258964354,10,2
D5_full_complete,alex_pbe_native,auroc,M3GNet,0.49258284433592503,10,2
D5_full_complete,alex_pbe_native,auprc,M3GNet,0.3233459840606443,10,2
D5_full_complete,alex_pbe_native,stable_yield@100,M3GNet,0.33,9,3
D5_full_complete,alex_pbe_native,stable_yield@300,M3GNet,0.33,8,2
D5_full_complete,alex_pbe_native,stable_yield@500,M3GNet,0.338,9,2
D5_full_complete,alex_pbe_native,stable_yield@1000,M3GNet,0.338,8,1
D5_full_complete,alex_pbe_native,stable_yield@5000,M3GNet,0.3116,10,2
D5_full_complete,alex_pbe_native,stable_yield@10000,M3GNet,0.3034,10,2
D5_full_complete,common_pool,f1,M3GNet,0.4907800558049254,9,2
D5_full_complete,common_pool,precision,M3GNet,0.4907800558049254,9,2
D5_full_complete,common_pool,recall,M3GNet,0.4907800558049254,9,2
D5_full_complete,common_pool,balanced_accuracy,M3GNet,0.4725770810676778,9,2
D5_full_complete,common_pool,auroc,M3GNet,0.4862080744954233,10,2
D5_full_complete,common_pool,auprc,M3GNet,0.510183827015601,10,2
D5_full_complete,common_pool,stable_yield@100,M3GNet,0.68,9,3
D5_full_complete,common_pool,stable_yield@300,M3GNet,0.6166666666666667,9,3
D5_full_complete,common_pool,stable_yield@500,M3GNet,0.598,8,2
D5_full_complete,common_pool,stable_yield@1000,M3GNet,0.553,8,2
D5_full_complete,common_pool,stable_yield@5000,M3GNet,0.504,10,2
D5_full_complete,common_pool,stable_yield@10000,M3GNet,0.4842,10,2
D5_full_complete,consensus,f1,M3GNet,0.3542742700537578,9,2
D5_full_complete,consensus,precision,M3GNet,0.3542742700537578,9,2
D5_full_complete,consensus,recall,M3GNet,0.3542742700537578,9,2
D5_full_complete,consensus,balanced_accuracy,M3GNet,0.4746515132909101,9,2
D5_full_complete,consensus,auroc,M3GNet,0.486897080492364,10,2
D5_full_complete,consensus,auprc,M3GNet,0.3774059517436322,10,2
D5_full_complete,consensus,stable_yield@100,M3GNet,0.5,9,3
D5_full_complete,consensus,stable_yield@300,M3GNet,0.45,8,2
D5_full_complete,consensus,stable_yield@500,M3GNet,0.424,8,2
D5_full_complete,consensus,stable_yield@1000,M3GNet,0.413,7,1
D5_full_complete,consensus,stable_yield@5000,M3GNet,0.3598,10,2
D5_full_complete,consensus,stable_yield@10000,M3GNet,0.3552,9,2
D5_full_complete,uncertain,f1,M3GNet,0.31238173591114765,7,2
D5_full_complete,uncertain,precision,M3GNet,0.31238173591114765,7,2
D5_full_complete,uncertain,recall,M3GNet,0.31238173591114765,7,2
D5_full_complete,uncertain,balanced_accuracy,M3GNet,0.486409442750406,7,2
D5_full_complete,uncertain,auroc,M3GNet,0.48166412235019773,9,2
D5_full_complete,uncertain,auprc,M3GNet,0.3226118598487381,9,2
D5_full_complete,uncertain,stable_yield@100,M3GNet,0.39,3,1
D5_full_complete,uncertain,stable_yield@300,M3GNet,0.37666666666666665,5,3
D5_full_complete,uncertain,stable_yield@500,M3GNet,0.352,5,3
D5_full_complete,uncertain,stable_yield@1000,M3GNet,0.342,5,3
D5_full_complete,uncertain,stable_yield@5000,M3GNet,0.3276,4,1
D5_full_complete,uncertain,stable_yield@10000,M3GNet,0.3129,7,2
D5_full_complete,audit_view,f1,M3GNet,0.24043427848634974,9,2
D5_full_complete,audit_view,precision,M3GNet,0.24043427848634974,9,2
D5_full_complete,audit_view,recall,M3GNet,0.24043427848634974,9,2
D5_full_complete,audit_view,balanced_accuracy,M3GNet,0.4881520413764495,9,2
D5_full_complete,audit_view,auroc,M3GNet,0.49808029062676923,10,2
D5_full_complete,audit_view,auprc,M3GNet,0.2556927578863755,10,2
D5_full_complete,audit_view,stable_yield@100,M3GNet,0.31,7,3
D5_full_complete,audit_view,stable_yield@300,M3GNet,0.2866666666666667,8,2
D5_full_complete,audit_view,stable_yield@500,M3GNet,0.292,9,2
D5_full_complete,audit_view,stable_yield@1000,M3GNet,0.279,8,1
D5_full_complete,audit_view,stable_yield@5000,M3GNet,0.2496,10,2
D5_full_complete,audit_view,stable_yield@10000,M3GNet,0.2401,9,2
D5_full_complete,mp_native,f1,MACE-MP,0.37960867829096234,8,1
D5_full_complete,mp_native,precision,MACE-MP,0.37960867829096234,8,1
D5_full_complete,mp_native,recall,MACE-MP,0.37960867829096234,8,1
D5_full_complete,mp_native,balanced_accuracy,MACE-MP,0.47543649662145043,8,1
D5_full_complete,mp_native,auroc,MACE-MP,0.48710324630763574,9,1
D5_full_complete,mp_native,auprc,MACE-MP,0.4052202881647264,9,1
D5_full_complete,mp_native,stable_yield@100,MACE-MP,0.61,6,2
D5_full_complete,mp_native,stable_yield@300,MACE-MP,0.56,6,1
D5_full_complete,mp_native,stable_yield@500,MACE-MP,0.53,7,1
D5_full_complete,mp_native,stable_yield@1000,MACE-MP,0.465,7,1
D5_full_complete,mp_native,stable_yield@5000,MACE-MP,0.4088,8,1
D5_full_complete,mp_native,stable_yield@10000,MACE-MP,0.3819,8,1
D5_full_complete,alexmp20_native,f1,MACE-MP,0.342612097502257,9,1
D5_full_complete,alexmp20_native,precision,MACE-MP,0.342612097502257,9,1
D5_full_complete,alexmp20_native,recall,MACE-MP,0.342612097502257,9,1
D5_full_complete,alexmp20_native,balanced_accuracy,MACE-MP,0.48520901761427115,9,1
D5_full_complete,alexmp20_native,auroc,MACE-MP,0.4964146003225495,9,1
D5_full_complete,alexmp20_native,auprc,MACE-MP,0.35926700486341867,9,1
D5_full_complete,alexmp20_native,stable_yield@100,MACE-MP,0.42,6,1
D5_full_complete,alexmp20_native,stable_yield@300,MACE-MP,0.41333333333333333,7,1
D5_full_complete,alexmp20_native,stable_yield@500,MACE-MP,0.41,8,1
D5_full_complete,alexmp20_native,stable_yield@1000,MACE-MP,0.385,8,1
D5_full_complete,alexmp20_native,stable_yield@5000,MACE-MP,0.3612,9,1
D5_full_complete,alexmp20_native,stable_yield@10000,MACE-MP,0.3436,8,1
D5_full_complete,alex_pbe_native,f1,MACE-MP,0.31527903345113834,9,1
D5_full_complete,alex_pbe_native,precision,MACE-MP,0.31527903345113834,9,1
D5_full_complete,alex_pbe_native,recall,MACE-MP,0.31527903345113834,9,1
D5_full_complete,alex_pbe_native,balanced_accuracy,MACE-MP,0.4883240139209192,9,1
D5_full_complete,alex_pbe_native,auroc,MACE-MP,0.49899986481255665,8,1
D5_full_complete,alex_pbe_native,auprc,MACE-MP,0.3285859064107118,9,1
D5_full_complete,alex_pbe_native,stable_yield@100,MACE-MP,0.37,7,2
D5_full_complete,alex_pbe_native,stable_yield@300,MACE-MP,0.35333333333333333,7,1
D5_full_complete,alex_pbe_native,stable_yield@500,MACE-MP,0.354,8,1
D5_full_complete,alex_pbe_native,stable_yield@1000,MACE-MP,0.337,9,2
D5_full_complete,alex_pbe_native,stable_yield@5000,MACE-MP,0.3306,8,1
D5_full_complete,alex_pbe_native,stable_yield@10000,MACE-MP,0.3165,8,1
D5_full_complete,common_pool,f1,MACE-MP,0.49751304136843383,8,1
D5_full_complete,common_pool,precision,MACE-MP,0.49751304136843383,8,1
D5_full_complete,common_pool,recall,MACE-MP,0.49751304136843383,8,1
D5_full_complete,common_pool,balanced_accuracy,MACE-MP,0.47955074920365015,8,1
D5_full_complete,common_pool,auroc,MACE-MP,0.4955174004314135,9,1
D5_full_complete,common_pool,auprc,MACE-MP,0.5182962046888805,7,1
D5_full_complete,common_pool,stable_yield@100,MACE-MP,0.71,8,2
D5_full_complete,common_pool,stable_yield@300,MACE-MP,0.6366666666666667,7,1
D5_full_complete,common_pool,stable_yield@500,MACE-MP,0.616,7,1
D5_full_complete,common_pool,stable_yield@1000,MACE-MP,0.565,7,1
D5_full_complete,common_pool,stable_yield@5000,MACE-MP,0.5262,7,1
D5_full_complete,common_pool,stable_yield@10000,MACE-MP,0.5006,9,1
D5_full_complete,consensus,f1,MACE-MP,0.36217982502371665,8,1
D5_full_complete,consensus,precision,MACE-MP,0.36217982502371665,8,1
D5_full_complete,consensus,recall,MACE-MP,0.36217982502371665,8,1
D5_full_complete,consensus,balanced_accuracy,MACE-MP,0.481083301815752,8,1
D5_full_complete,consensus,auroc,MACE-MP,0.4975649371633023,9,1
D5_full_complete,consensus,auprc,MACE-MP,0.38636990805521054,7,1
D5_full_complete,consensus,stable_yield@100,MACE-MP,0.57,7,1
D5_full_complete,consensus,stable_yield@300,MACE-MP,0.47333333333333333,7,1
D5_full_complete,consensus,stable_yield@500,MACE-MP,0.442,7,1
D5_full_complete,consensus,stable_yield@1000,MACE-MP,0.41,8,2
D5_full_complete,consensus,stable_yield@5000,MACE-MP,0.3822,9,1
D5_full_complete,consensus,stable_yield@10000,MACE-MP,0.3629,8,1
D5_full_complete,uncertain,f1,MACE-MP,0.3155080213903743,6,1
D5_full_complete,uncertain,precision,MACE-MP,0.3155080213903743,6,1
D5_full_complete,uncertain,recall,MACE-MP,0.3155080213903743,6,1
D5_full_complete,uncertain,balanced_accuracy,MACE-MP,0.48874450391043056,6,1
D5_full_complete,uncertain,auroc,MACE-MP,0.48321489641278953,8,1
D5_full_complete,uncertain,auprc,MACE-MP,0.32371648326219415,8,1
D5_full_complete,uncertain,stable_yield@100,MACE-MP,0.39,3,1
D5_full_complete,uncertain,stable_yield@300,MACE-MP,0.3933333333333333,3,1
D5_full_complete,uncertain,stable_yield@500,MACE-MP,0.356,4,2
D5_full_complete,uncertain,stable_yield@1000,MACE-MP,0.354,3,1
D5_full_complete,uncertain,stable_yield@5000,MACE-MP,0.3212,8,3
D5_full_complete,uncertain,stable_yield@10000,MACE-MP,0.3191,6,1
D5_full_complete,audit_view,f1,MACE-MP,0.2547696848318752,8,1
D5_full_complete,audit_view,precision,MACE-MP,0.2547696848318752,8,1
D5_full_complete,audit_view,recall,MACE-MP,0.2547696848318752,8,1
D5_full_complete,audit_view,balanced_accuracy,MACE-MP,0.4978122304373437,8,1
D5_full_complete,audit_view,auroc,MACE-MP,0.5060910443606126,7,1
D5_full_complete,audit_view,auprc,MACE-MP,0.2613537946559711,7,1
D5_full_complete,audit_view,stable_yield@100,MACE-MP,0.34,5,1
D5_full_complete,audit_view,stable_yield@300,MACE-MP,0.30333333333333334,7,1
D5_full_complete,audit_view,stable_yield@500,MACE-MP,0.304,8,1
D5_full_complete,audit_view,stable_yield@1000,MACE-MP,0.277,9,2
D5_full_complete,audit_view,stable_yield@5000,MACE-MP,0.2692,8,1
D5_full_complete,audit_view,stable_yield@10000,MACE-MP,0.252,8,1
D5_family_complete,mp_native,f1,ALIGNN-FF,0.3502727151789278,12,4
D5_family_complete,mp_native,precision,ALIGNN-FF,0.3502727151789278,12,4
D5_family_complete,mp_native,recall,ALIGNN-FF,0.3502727151789278,12,4
D5_family_complete,mp_native,balanced_accuracy,ALIGNN-FF,0.4507703156931023,12,4
D5_family_complete,mp_native,auroc,ALIGNN-FF,0.46338782650053,12,4
D5_family_complete,mp_native,auprc,ALIGNN-FF,0.3800404239143464,12,4
D5_family_complete,mp_native,stable_yield@100,ALIGNN-FF,0.52,9,4
D5_family_complete,mp_native,stable_yield@300,ALIGNN-FF,0.4166666666666667,10,4
D5_family_complete,mp_native,stable_yield@500,ALIGNN-FF,0.404,11,4
D5_family_complete,mp_native,stable_yield@1000,ALIGNN-FF,0.404,11,4
D5_family_complete,mp_native,stable_yield@5000,ALIGNN-FF,0.339,12,4
D5_family_complete,mp_native,stable_yield@10000,ALIGNN-FF,0.3412,11,3
D5_family_complete,alexmp20_native,f1,ALIGNN-FF,0.31090225563909774,12,4
D5_family_complete,alexmp20_native,precision,ALIGNN-FF,0.31090225563909774,12,4
D5_family_complete,alexmp20_native,recall,ALIGNN-FF,0.31090225563909774,12,4
D5_family_complete,alexmp20_native,balanced_accuracy,ALIGNN-FF,0.4604677221519461,12,4
D5_family_complete,alexmp20_native,auroc,ALIGNN-FF,0.47078815880651337,12,4
D5_family_complete,alexmp20_native,auprc,ALIGNN-FF,0.33506030471085,12,4
D5_family_complete,alexmp20_native,stable_yield@100,ALIGNN-FF,0.35,10,3
D5_family_complete,alexmp20_native,stable_yield@300,ALIGNN-FF,0.2633333333333333,12,4
D5_family_complete,alexmp20_native,stable_yield@500,ALIGNN-FF,0.268,12,4
D5_family_complete,alexmp20_native,stable_yield@1000,ALIGNN-FF,0.323,12,4
D5_family_complete,alexmp20_native,stable_yield@5000,ALIGNN-FF,0.2966,12,4
D5_family_complete,alexmp20_native,stable_yield@10000,ALIGNN-FF,0.3052,12,4
D5_family_complete,alex_pbe_native,f1,ALIGNN-FF,0.2918856767411301,11,3
D5_family_complete,alex_pbe_native,precision,ALIGNN-FF,0.2918856767411301,11,3
D5_family_complete,alex_pbe_native,recall,ALIGNN-FF,0.2918856767411301,11,3
D5_family_complete,alex_pbe_native,balanced_accuracy,ALIGNN-FF,0.4708839575129349,11,3
D5_family_complete,alex_pbe_native,auroc,ALIGNN-FF,0.4827987217685911,11,3
D5_family_complete,alex_pbe_native,auprc,ALIGNN-FF,0.3127495121368052,12,4
D5_family_complete,alex_pbe_native,stable_yield@100,ALIGNN-FF,0.29,11,4
D5_family_complete,alex_pbe_native,stable_yield@300,ALIGNN-FF,0.22,12,4
D5_family_complete,alex_pbe_native,stable_yield@500,ALIGNN-FF,0.238,12,4
D5_family_complete,alex_pbe_native,stable_yield@1000,ALIGNN-FF,0.299,12,4
D5_family_complete,alex_pbe_native,stable_yield@5000,ALIGNN-FF,0.2894,12,4
D5_family_complete,alex_pbe_native,stable_yield@10000,ALIGNN-FF,0.2919,11,3
D5_family_complete,common_pool,f1,ALIGNN-FF,0.48337983743782603,11,4
D5_family_complete,common_pool,precision,ALIGNN-FF,0.48337983743782603,11,4
D5_family_complete,common_pool,recall,ALIGNN-FF,0.48337983743782603,11,4
D5_family_complete,common_pool,balanced_accuracy,ALIGNN-FF,0.46493031645726357,11,4
D5_family_complete,common_pool,auroc,ALIGNN-FF,0.4776810869639723,11,3
D5_family_complete,common_pool,auprc,ALIGNN-FF,0.4963726286121348,12,4
D5_family_complete,common_pool,stable_yield@100,ALIGNN-FF,0.57,10,4
D5_family_complete,common_pool,stable_yield@300,ALIGNN-FF,0.48333333333333334,12,4
D5_family_complete,common_pool,stable_yield@500,ALIGNN-FF,0.48,11,4
D5_family_complete,common_pool,stable_yield@1000,ALIGNN-FF,0.499,10,4
D5_family_complete,common_pool,stable_yield@5000,ALIGNN-FF,0.466,12,4
D5_family_complete,common_pool,stable_yield@10000,ALIGNN-FF,0.4708,11,3
D5_family_complete,consensus,f1,ALIGNN-FF,0.32981975334668495,12,4
D5_family_complete,consensus,precision,ALIGNN-FF,0.32981975334668495,12,4
D5_family_complete,consensus,recall,ALIGNN-FF,0.32981975334668495,12,4
D5_family_complete,consensus,balanced_accuracy,ALIGNN-FF,0.4547697391799528,12,4
D5_family_complete,consensus,auroc,ALIGNN-FF,0.47256744554615276,12,4
D5_family_complete,consensus,auprc,ALIGNN-FF,0.3600787647691679,12,4
D5_family_complete,consensus,stable_yield@100,ALIGNN-FF,0.37,12,4
D5_family_complete,consensus,stable_yield@300,ALIGNN-FF,0.3,12,4
D5_family_complete,consensus,stable_yield@500,ALIGNN-FF,0.35,12,4
D5_family_complete,consensus,stable_yield@1000,ALIGNN-FF,0.355,11,4
D5_family_complete,consensus,stable_yield@5000,ALIGNN-FF,0.326,12,4
D5_family_complete,consensus,stable_yield@10000,ALIGNN-FF,0.33,12,4
D5_family_complete,uncertain,f1,ALIGNN-FF,0.30885369656191025,9,4
D5_family_complete,uncertain,precision,ALIGNN-FF,0.30885369656191025,9,4
D5_family_complete,uncertain,recall,ALIGNN-FF,0.30885369656191025,9,4
D5_family_complete,uncertain,balanced_accuracy,ALIGNN-FF,0.4833319874237543,9,4
D5_family_complete,uncertain,auroc,ALIGNN-FF,0.47735467047541574,11,4
D5_family_complete,uncertain,auprc,ALIGNN-FF,0.31797915044783065,11,4
D5_family_complete,uncertain,stable_yield@100,ALIGNN-FF,0.38,6,4
D5_family_complete,uncertain,stable_yield@300,ALIGNN-FF,0.36333333333333334,6,4
D5_family_complete,uncertain,stable_yield@500,ALIGNN-FF,0.322,6,4
D5_family_complete,uncertain,stable_yield@1000,ALIGNN-FF,0.311,7,4
D5_family_complete,uncertain,stable_yield@5000,ALIGNN-FF,0.3124,9,4
D5_family_complete,uncertain,stable_yield@10000,ALIGNN-FF,0.3075,9,4
D5_family_complete,audit_view,f1,ALIGNN-FF,0.22515020554442922,11,3
D5_family_complete,audit_view,precision,ALIGNN-FF,0.22515020554442922,11,3
D5_family_complete,audit_view,recall,ALIGNN-FF,0.22515020554442922,11,3
D5_family_complete,audit_view,balanced_accuracy,ALIGNN-FF,0.47801533707571087,11,3
D5_family_complete,audit_view,auroc,ALIGNN-FF,0.48845314708619547,11,3
D5_family_complete,audit_view,auprc,ALIGNN-FF,0.2456887829605552,12,4
D5_family_complete,audit_view,stable_yield@100,ALIGNN-FF,0.25,10,4
D5_family_complete,audit_view,stable_yield@300,ALIGNN-FF,0.18666666666666668,12,4
D5_family_complete,audit_view,stable_yield@500,ALIGNN-FF,0.204,12,4
D5_family_complete,audit_view,stable_yield@1000,ALIGNN-FF,0.245,12,4
D5_family_complete,audit_view,stable_yield@5000,ALIGNN-FF,0.2264,12,4
D5_family_complete,audit_view,stable_yield@10000,ALIGNN-FF,0.2273,11,3
D5_family_complete,mp_native,f1,CHGNet,0.36111480643873883,11,3
D5_family_complete,mp_native,precision,CHGNet,0.36111480643873883,11,3
D5_family_complete,mp_native,recall,CHGNet,0.36111480643873883,11,3
D5_family_complete,mp_native,balanced_accuracy,CHGNet,0.4599252536351364,11,3
D5_family_complete,mp_native,auroc,CHGNet,0.4663785149428588,11,3
D5_family_complete,mp_native,auprc,CHGNet,0.386028293860766,11,3
D5_family_complete,mp_native,stable_yield@100,CHGNet,0.62,5,1
D5_family_complete,mp_native,stable_yield@300,CHGNet,0.54,7,2
D5_family_complete,mp_native,stable_yield@500,CHGNet,0.484,9,3
D5_family_complete,mp_native,stable_yield@1000,CHGNet,0.442,10,3
D5_family_complete,mp_native,stable_yield@5000,CHGNet,0.3532,11,3
D5_family_complete,mp_native,stable_yield@10000,CHGNet,0.3404,12,4
D5_family_complete,alexmp20_native,f1,CHGNet,0.31781954887218045,11,3
D5_family_complete,alexmp20_native,precision,CHGNet,0.31781954887218045,11,3
D5_family_complete,alexmp20_native,recall,CHGNet,0.31781954887218045,11,3
D5_family_complete,alexmp20_native,balanced_accuracy,CHGNet,0.46587543547179083,11,3
D5_family_complete,alexmp20_native,auroc,CHGNet,0.47649618493278,11,3
D5_family_complete,alexmp20_native,auprc,CHGNet,0.3423696989798331,11,3
D5_family_complete,alexmp20_native,stable_yield@100,CHGNet,0.42,6,1
D5_family_complete,alexmp20_native,stable_yield@300,CHGNet,0.39,8,2
D5_family_complete,alexmp20_native,stable_yield@500,CHGNet,0.368,10,3
D5_family_complete,alexmp20_native,stable_yield@1000,CHGNet,0.359,10,3
D5_family_complete,alexmp20_native,stable_yield@5000,CHGNet,0.314,11,3
D5_family_complete,alexmp20_native,stable_yield@10000,CHGNet,0.3067,11,3
D5_family_complete,alex_pbe_native,f1,CHGNet,0.28901116951379763,12,4
D5_family_complete,alex_pbe_native,precision,CHGNet,0.28901116951379763,12,4
D5_family_complete,alex_pbe_native,recall,CHGNet,0.28901116951379763,12,4
D5_family_complete,alex_pbe_native,balanced_accuracy,CHGNet,0.4687289350107059,12,4
D5_family_complete,alex_pbe_native,auroc,CHGNet,0.48128657857347734,12,4
D5_family_complete,alex_pbe_native,auprc,CHGNet,0.3147672985817327,11,3
D5_family_complete,alex_pbe_native,stable_yield@100,CHGNet,0.38,6,1
D5_family_complete,alex_pbe_native,stable_yield@300,CHGNet,0.33,8,2
D5_family_complete,alex_pbe_native,stable_yield@500,CHGNet,0.326,10,3
D5_family_complete,alex_pbe_native,stable_yield@1000,CHGNet,0.321,10,3
D5_family_complete,alex_pbe_native,stable_yield@5000,CHGNet,0.2932,11,3
D5_family_complete,alex_pbe_native,stable_yield@10000,CHGNet,0.2853,12,4
D5_family_complete,common_pool,f1,CHGNet,0.48459298798980954,10,3
D5_family_complete,common_pool,precision,CHGNet,0.48459298798980954,10,3
D5_family_complete,common_pool,recall,CHGNet,0.48459298798980954,10,3
D5_family_complete,common_pool,balanced_accuracy,CHGNet,0.4661688454832708,10,3
D5_family_complete,common_pool,auroc,CHGNet,0.47714848087546924,12,4
D5_family_complete,common_pool,auprc,CHGNet,0.5011589083844536,11,3
D5_family_complete,common_pool,stable_yield@100,CHGNet,0.72,7,1
D5_family_complete,common_pool,stable_yield@300,CHGNet,0.62,8,2
D5_family_complete,common_pool,stable_yield@500,CHGNet,0.578,9,3
D5_family_complete,common_pool,stable_yield@1000,CHGNet,0.54,9,3
D5_family_complete,common_pool,stable_yield@5000,CHGNet,0.478,11,3
D5_family_complete,common_pool,stable_yield@10000,CHGNet,0.4654,12,4
D5_family_complete,consensus,f1,CHGNet,0.33846316011384,11,3
D5_family_complete,consensus,precision,CHGNet,0.33846316011384,11,3
D5_family_complete,consensus,recall,CHGNet,0.33846316011384,11,3
D5_family_complete,consensus,balanced_accuracy,CHGNet,0.46178793624122616,11,3
D5_family_complete,consensus,auroc,CHGNet,0.47316068878310924,11,3
D5_family_complete,consensus,auprc,CHGNet,0.3652564747342638,11,3
D5_family_complete,consensus,stable_yield@100,CHGNet,0.54,8,2
D5_family_complete,consensus,stable_yield@300,CHGNet,0.4266666666666667,10,3
D5_family_complete,consensus,stable_yield@500,CHGNet,0.414,9,3
D5_family_complete,consensus,stable_yield@1000,CHGNet,0.379,10,3
D5_family_complete,consensus,stable_yield@5000,CHGNet,0.327,11,3
D5_family_complete,consensus,stable_yield@10000,CHGNet,0.3405,10,3
D5_family_complete,uncertain,f1,CHGNet,0.3105768441782227,8,3
D5_family_complete,uncertain,precision,CHGNet,0.3105768441782227,8,3
D5_family_complete,uncertain,recall,CHGNet,0.3105768441782227,8,3
D5_family_complete,uncertain,balanced_accuracy,CHGNet,0.484613196607678,8,3
D5_family_complete,uncertain,auroc,CHGNet,0.4793019966362194,10,3
D5_family_complete,uncertain,auprc,CHGNet,0.3219519754434177,10,3
D5_family_complete,uncertain,stable_yield@100,CHGNet,0.39,3,1
D5_family_complete,uncertain,stable_yield@300,CHGNet,0.38,4,2
D5_family_complete,uncertain,stable_yield@500,CHGNet,0.372,3,1
D5_family_complete,uncertain,stable_yield@1000,CHGNet,0.354,3,1
D5_family_complete,uncertain,stable_yield@5000,CHGNet,0.324,5,2
D5_family_complete,uncertain,stable_yield@10000,CHGNet,0.3086,8,3
D5_family_complete,audit_view,f1,CHGNet,0.2232528723516391,12,4
D5_family_complete,audit_view,precision,CHGNet,0.2232528723516391,12,4
D5_family_complete,audit_view,recall,CHGNet,0.2232528723516391,12,4
D5_family_complete,audit_view,balanced_accuracy,CHGNet,0.47673224272191317,12,4
D5_family_complete,audit_view,auroc,CHGNet,0.487977057724826,12,4
D5_family_complete,audit_view,auprc,CHGNet,0.24775629953573888,11,3
D5_family_complete,audit_view,stable_yield@100,CHGNet,0.34,5,1
D5_family_complete,audit_view,stable_yield@300,CHGNet,0.2833333333333333,9,3
D5_family_complete,audit_view,stable_yield@500,CHGNet,0.266,10,3
D5_family_complete,audit_view,stable_yield@1000,CHGNet,0.261,10,3
D5_family_complete,audit_view,stable_yield@5000,CHGNet,0.2294,11,3
D5_family_complete,audit_view,stable_yield@10000,CHGNet,0.2232,12,4
D5_family_complete,mp_native,f1,M3GNet,0.3737528269256352,9,2
D5_family_complete,mp_native,precision,M3GNet,0.3737528269256352,9,2
D5_family_complete,mp_native,recall,M3GNet,0.3737528269256352,9,2
D5_family_complete,mp_native,balanced_accuracy,M3GNet,0.47061860383400467,9,2
D5_family_complete,mp_native,auroc,M3GNet,0.4806903353990174,10,2
D5_family_complete,mp_native,auprc,M3GNet,0.3982855260120711,10,2
D5_family_complete,mp_native,stable_yield@100,M3GNet,0.58,7,3
D5_family_complete,mp_native,stable_yield@300,M3GNet,0.53,8,3
D5_family_complete,mp_native,stable_yield@500,M3GNet,0.5,8,2
D5_family_complete,mp_native,stable_yield@1000,M3GNet,0.461,8,2
D5_family_complete,mp_native,stable_yield@5000,M3GNet,0.3822,10,2
D5_family_complete,mp_native,stable_yield@10000,M3GNet,0.3661,10,2
D5_family_complete,alexmp20_native,f1,M3GNet,0.3357894736842105,10,2
D5_family_complete,alexmp20_native,precision,M3GNet,0.3357894736842105,10,2
D5_family_complete,alexmp20_native,recall,M3GNet,0.3357894736842105,10,2
D5_family_complete,alexmp20_native,balanced_accuracy,M3GNet,0.47995328505076834,10,2
D5_family_complete,alexmp20_native,auroc,M3GNet,0.48952281296808525,10,2
D5_family_complete,alexmp20_native,auprc,M3GNet,0.35203972576808107,10,2
D5_family_complete,alexmp20_native,stable_yield@100,M3GNet,0.35,10,3
D5_family_complete,alexmp20_native,stable_yield@300,M3GNet,0.37333333333333335,9,3
D5_family_complete,alexmp20_native,stable_yield@500,M3GNet,0.378,9,2
D5_family_complete,alexmp20_native,stable_yield@1000,M3GNet,0.373,9,2
D5_family_complete,alexmp20_native,stable_yield@5000,M3GNet,0.3384,10,2
D5_family_complete,alexmp20_native,stable_yield@10000,M3GNet,0.3297,10,2
D5_family_complete,alex_pbe_native,f1,M3GNet,0.30609395532194483,10,2
D5_family_complete,alex_pbe_native,precision,M3GNet,0.30609395532194483,10,2
D5_family_complete,alex_pbe_native,recall,M3GNet,0.30609395532194483,10,2
D5_family_complete,alex_pbe_native,balanced_accuracy,M3GNet,0.4815006445171407,10,2
D5_family_complete,alex_pbe_native,auroc,M3GNet,0.49262126657903416,10,2
D5_family_complete,alex_pbe_native,auprc,M3GNet,0.32331305018797435,10,2
D5_family_complete,alex_pbe_native,stable_yield@100,M3GNet,0.33,9,3
D5_family_complete,alex_pbe_native,stable_yield@300,M3GNet,0.33,8,2
D5_family_complete,alex_pbe_native,stable_yield@500,M3GNet,0.338,9,2
D5_family_complete,alex_pbe_native,stable_yield@1000,M3GNet,0.338,8,1
D5_family_complete,alex_pbe_native,stable_yield@5000,M3GNet,0.3114,10,2
D5_family_complete,alex_pbe_native,stable_yield@10000,M3GNet,0.3032,10,2
D5_family_complete,common_pool,f1,M3GNet,0.4907800558049254,9,2
D5_family_complete,common_pool,precision,M3GNet,0.4907800558049254,9,2
D5_family_complete,common_pool,recall,M3GNet,0.4907800558049254,9,2
D5_family_complete,common_pool,balanced_accuracy,M3GNet,0.4725948111610576,9,2
D5_family_complete,common_pool,auroc,M3GNet,0.48624135935746654,10,2
D5_family_complete,common_pool,auprc,M3GNet,0.5101838003090617,10,2
D5_family_complete,common_pool,stable_yield@100,M3GNet,0.68,9,3
D5_family_complete,common_pool,stable_yield@300,M3GNet,0.6166666666666667,9,3
D5_family_complete,common_pool,stable_yield@500,M3GNet,0.598,8,2
D5_family_complete,common_pool,stable_yield@1000,M3GNet,0.553,8,2
D5_family_complete,common_pool,stable_yield@5000,M3GNet,0.504,10,2
D5_family_complete,common_pool,stable_yield@10000,M3GNet,0.4842,10,2
D5_family_complete,consensus,f1,M3GNet,0.3542742700537578,9,2
D5_family_complete,consensus,precision,M3GNet,0.3542742700537578,9,2
D5_family_complete,consensus,recall,M3GNet,0.3542742700537578,9,2
D5_family_complete,consensus,balanced_accuracy,M3GNet,0.47466489811519197,9,2
D5_family_complete,consensus,auroc,M3GNet,0.48693090037707537,10,2
D5_family_complete,consensus,auprc,M3GNet,0.37740592849345683,10,2
D5_family_complete,consensus,stable_yield@100,M3GNet,0.5,9,3
D5_family_complete,consensus,stable_yield@300,M3GNet,0.45,8,2
D5_family_complete,consensus,stable_yield@500,M3GNet,0.424,8,2
D5_family_complete,consensus,stable_yield@1000,M3GNet,0.413,7,1
D5_family_complete,consensus,stable_yield@5000,M3GNet,0.3598,10,2
D5_family_complete,consensus,stable_yield@10000,M3GNet,0.3552,9,2
D5_family_complete,uncertain,f1,M3GNet,0.31336670222368096,7,2
D5_family_complete,uncertain,precision,M3GNet,0.31336670222368096,7,2
D5_family_complete,uncertain,recall,M3GNet,0.31336670222368096,7,2
D5_family_complete,uncertain,balanced_accuracy,M3GNet,0.48670569521096707,7,2
D5_family_complete,uncertain,auroc,M3GNet,0.48171416910767995,9,2
D5_family_complete,uncertain,auprc,M3GNet,0.3232277421530846,9,2
D5_family_complete,uncertain,stable_yield@100,M3GNet,0.39,3,1
D5_family_complete,uncertain,stable_yield@300,M3GNet,0.37666666666666665,5,3
D5_family_complete,uncertain,stable_yield@500,M3GNet,0.352,5,3
D5_family_complete,uncertain,stable_yield@1000,M3GNet,0.342,5,3
D5_family_complete,uncertain,stable_yield@5000,M3GNet,0.3286,4,1
D5_family_complete,uncertain,stable_yield@10000,M3GNet,0.3134,7,2
D5_family_complete,audit_view,f1,M3GNet,0.24043427848634974,9,2
D5_family_complete,audit_view,precision,M3GNet,0.24043427848634974,9,2
D5_family_complete,audit_view,recall,M3GNet,0.24043427848634974,9,2
D5_family_complete,audit_view,balanced_accuracy,M3GNet,0.4883115928400996,9,2
D5_family_complete,audit_view,auroc,M3GNet,0.49810955504474547,10,2
D5_family_complete,audit_view,auprc,M3GNet,0.25546418772278606,10,2
D5_family_complete,audit_view,stable_yield@100,M3GNet,0.31,7,3
D5_family_complete,audit_view,stable_yield@300,M3GNet,0.2866666666666667,8,2
D5_family_complete,audit_view,stable_yield@500,M3GNet,0.292,9,2
D5_family_complete,audit_view,stable_yield@1000,M3GNet,0.279,8,1
D5_family_complete,audit_view,stable_yield@5000,M3GNet,0.249,10,2
D5_family_complete,audit_view,stable_yield@10000,M3GNet,0.2398,9,2
D5_family_complete,mp_native,f1,MACE-MP,0.37940667819608886,8,1
D5_family_complete,mp_native,precision,MACE-MP,0.37940667819608886,8,1
D5_family_complete,mp_native,recall,MACE-MP,0.37940667819608886,8,1
D5_family_complete,mp_native,balanced_accuracy,MACE-MP,0.4753979366724656,8,1
D5_family_complete,mp_native,auroc,MACE-MP,0.48718680234394107,9,1
D5_family_complete,mp_native,auprc,MACE-MP,0.4051540421249722,9,1
D5_family_complete,mp_native,stable_yield@100,MACE-MP,0.61,6,2
D5_family_complete,mp_native,stable_yield@300,MACE-MP,0.56,6,1
D5_family_complete,mp_native,stable_yield@500,MACE-MP,0.53,7,1
D5_family_complete,mp_native,stable_yield@1000,MACE-MP,0.465,7,1
D5_family_complete,mp_native,stable_yield@5000,MACE-MP,0.4088,8,1
D5_family_complete,mp_native,stable_yield@10000,MACE-MP,0.3818,8,1
D5_family_complete,alexmp20_native,f1,MACE-MP,0.3426315789473684,9,1
D5_family_complete,alexmp20_native,precision,MACE-MP,0.3426315789473684,9,1
D5_family_complete,alexmp20_native,recall,MACE-MP,0.3426315789473684,9,1
D5_family_complete,alexmp20_native,balanced_accuracy,MACE-MP,0.48531034312869226,9,1
D5_family_complete,alexmp20_native,auroc,MACE-MP,0.49647532316878484,9,1
D5_family_complete,alexmp20_native,auprc,MACE-MP,0.3592279428030877,9,1
D5_family_complete,alexmp20_native,stable_yield@100,MACE-MP,0.42,6,1
D5_family_complete,alexmp20_native,stable_yield@300,MACE-MP,0.41333333333333333,7,1
D5_family_complete,alexmp20_native,stable_yield@500,MACE-MP,0.41,8,1
D5_family_complete,alexmp20_native,stable_yield@1000,MACE-MP,0.385,8,1
D5_family_complete,alexmp20_native,stable_yield@5000,MACE-MP,0.3612,9,1
D5_family_complete,alexmp20_native,stable_yield@10000,MACE-MP,0.3436,8,1
D5_family_complete,alex_pbe_native,f1,MACE-MP,0.31521024967148487,9,1
D5_family_complete,alex_pbe_native,precision,MACE-MP,0.31521024967148487,9,1
D5_family_complete,alex_pbe_native,recall,MACE-MP,0.31521024967148487,9,1
D5_family_complete,alex_pbe_native,balanced_accuracy,MACE-MP,0.48831250727706466,9,1
D5_family_complete,alex_pbe_native,auroc,MACE-MP,0.4990543584587852,8,1
D5_family_complete,alex_pbe_native,auprc,MACE-MP,0.3285882214703185,9,1
D5_family_complete,alex_pbe_native,stable_yield@100,MACE-MP,0.37,7,2
D5_family_complete,alex_pbe_native,stable_yield@300,MACE-MP,0.35333333333333333,7,1
D5_family_complete,alex_pbe_native,stable_yield@500,MACE-MP,0.354,8,1
D5_family_complete,alex_pbe_native,stable_yield@1000,MACE-MP,0.337,9,2
D5_family_complete,alex_pbe_native,stable_yield@5000,MACE-MP,0.3306,8,1
D5_family_complete,alex_pbe_native,stable_yield@10000,MACE-MP,0.3164,8,1
D5_family_complete,common_pool,f1,MACE-MP,0.49751304136843383,8,1
D5_family_complete,common_pool,precision,MACE-MP,0.49751304136843383,8,1
D5_family_complete,common_pool,recall,MACE-MP,0.49751304136843383,8,1
D5_family_complete,common_pool,balanced_accuracy,MACE-MP,0.4795682448669686,8,1
D5_family_complete,common_pool,auroc,MACE-MP,0.49554978462142807,9,1
D5_family_complete,common_pool,auprc,MACE-MP,0.5182961027178061,7,1
D5_family_complete,common_pool,stable_yield@100,MACE-MP,0.71,8,2
D5_family_complete,common_pool,stable_yield@300,MACE-MP,0.6366666666666667,7,1
D5_family_complete,common_pool,stable_yield@500,MACE-MP,0.616,7,1
D5_family_complete,common_pool,stable_yield@1000,MACE-MP,0.565,7,1
D5_family_complete,common_pool,stable_yield@5000,MACE-MP,0.5262,7,1
D5_family_complete,common_pool,stable_yield@10000,MACE-MP,0.5006,9,1
D5_family_complete,consensus,f1,MACE-MP,0.36217982502371665,8,1
D5_family_complete,consensus,precision,MACE-MP,0.36217982502371665,8,1
D5_family_complete,consensus,recall,MACE-MP,0.36217982502371665,8,1
D5_family_complete,consensus,balanced_accuracy,MACE-MP,0.4810965227709805,8,1
D5_family_complete,consensus,auroc,MACE-MP,0.49759783587627526,9,1
D5_family_complete,consensus,auprc,MACE-MP,0.38636983239392975,7,1
D5_family_complete,consensus,stable_yield@100,MACE-MP,0.57,7,1
D5_family_complete,consensus,stable_yield@300,MACE-MP,0.47333333333333333,7,1
D5_family_complete,consensus,stable_yield@500,MACE-MP,0.442,7,1
D5_family_complete,consensus,stable_yield@1000,MACE-MP,0.41,8,2
D5_family_complete,consensus,stable_yield@5000,MACE-MP,0.3822,9,1
D5_family_complete,consensus,stable_yield@10000,MACE-MP,0.3629,8,1
D5_family_complete,uncertain,f1,MACE-MP,0.3164847788627226,6,1
D5_family_complete,uncertain,precision,MACE-MP,0.3164847788627226,6,1
D5_family_complete,uncertain,recall,MACE-MP,0.3164847788627226,6,1
D5_family_complete,uncertain,balanced_accuracy,MACE-MP,0.4890366205912232,6,1
D5_family_complete,uncertain,auroc,MACE-MP,0.4831995649220195,8,1
D5_family_complete,uncertain,auprc,MACE-MP,0.324247917183357,8,1
D5_family_complete,uncertain,stable_yield@100,MACE-MP,0.39,3,1
D5_family_complete,uncertain,stable_yield@300,MACE-MP,0.3933333333333333,3,1
D5_family_complete,uncertain,stable_yield@500,MACE-MP,0.356,4,2
D5_family_complete,uncertain,stable_yield@1000,MACE-MP,0.354,3,1
D5_family_complete,uncertain,stable_yield@5000,MACE-MP,0.3218,8,3
D5_family_complete,uncertain,stable_yield@10000,MACE-MP,0.3198,6,1
D5_family_complete,audit_view,f1,MACE-MP,0.25466427743227577,8,1
D5_family_complete,audit_view,precision,MACE-MP,0.25466427743227577,8,1
D5_family_complete,audit_view,recall,MACE-MP,0.25466427743227577,8,1
D5_family_complete,audit_view,balanced_accuracy,MACE-MP,0.49789776200004787,8,1
D5_family_complete,audit_view,auroc,MACE-MP,0.5061416953681388,7,1
D5_family_complete,audit_view,auprc,MACE-MP,0.2611515151497135,7,1
D5_family_complete,audit_view,stable_yield@100,MACE-MP,0.34,5,1
D5_family_complete,audit_view,stable_yield@300,MACE-MP,0.30333333333333334,7,1
D5_family_complete,audit_view,stable_yield@500,MACE-MP,0.304,8,1
D5_family_complete,audit_view,stable_yield@1000,MACE-MP,0.277,9,2
D5_family_complete,audit_view,stable_yield@5000,MACE-MP,0.2688,8,1
D5_family_complete,audit_view,stable_yield@10000,MACE-MP,0.2517,8,1
D5_max_coverage_union,mp_native,f1,ALIGNN-FF,0.3502727151789278,12,4
D5_max_coverage_union,mp_native,precision,ALIGNN-FF,0.3502727151789278,12,4
D5_max_coverage_union,mp_native,recall,ALIGNN-FF,0.3502727151789278,12,4
D5_max_coverage_union,mp_native,balanced_accuracy,ALIGNN-FF,0.4507703156931023,12,4
D5_max_coverage_union,mp_native,auroc,ALIGNN-FF,0.46338782650053,12,4
D5_max_coverage_union,mp_native,auprc,ALIGNN-FF,0.3800404239143464,12,4
D5_max_coverage_union,mp_native,stable_yield@100,ALIGNN-FF,0.52,9,4
D5_max_coverage_union,mp_native,stable_yield@300,ALIGNN-FF,0.4166666666666667,10,4
D5_max_coverage_union,mp_native,stable_yield@500,ALIGNN-FF,0.404,11,4
D5_max_coverage_union,mp_native,stable_yield@1000,ALIGNN-FF,0.404,11,4
D5_max_coverage_union,mp_native,stable_yield@5000,ALIGNN-FF,0.339,12,4
D5_max_coverage_union,mp_native,stable_yield@10000,ALIGNN-FF,0.3412,11,3
D5_max_coverage_union,alexmp20_native,f1,ALIGNN-FF,0.31090225563909774,12,4
D5_max_coverage_union,alexmp20_native,precision,ALIGNN-FF,0.31090225563909774,12,4
D5_max_coverage_union,alexmp20_native,recall,ALIGNN-FF,0.31090225563909774,12,4
D5_max_coverage_union,alexmp20_native,balanced_accuracy,ALIGNN-FF,0.4604677221519461,12,4
D5_max_coverage_union,alexmp20_native,auroc,ALIGNN-FF,0.47078815880651337,12,4
D5_max_coverage_union,alexmp20_native,auprc,ALIGNN-FF,0.33506030471085,12,4
D5_max_coverage_union,alexmp20_native,stable_yield@100,ALIGNN-FF,0.35,10,3
D5_max_coverage_union,alexmp20_native,stable_yield@300,ALIGNN-FF,0.2633333333333333,12,4
D5_max_coverage_union,alexmp20_native,stable_yield@500,ALIGNN-FF,0.268,12,4
D5_max_coverage_union,alexmp20_native,stable_yield@1000,ALIGNN-FF,0.323,12,4
D5_max_coverage_union,alexmp20_native,stable_yield@5000,ALIGNN-FF,0.2966,12,4
D5_max_coverage_union,alexmp20_native,stable_yield@10000,ALIGNN-FF,0.3052,12,4
D5_max_coverage_union,alex_pbe_native,f1,ALIGNN-FF,0.2918856767411301,11,3
D5_max_coverage_union,alex_pbe_native,precision,ALIGNN-FF,0.2918856767411301,11,3
D5_max_coverage_union,alex_pbe_native,recall,ALIGNN-FF,0.2918856767411301,11,3
D5_max_coverage_union,alex_pbe_native,balanced_accuracy,ALIGNN-FF,0.4708839575129349,11,3
D5_max_coverage_union,alex_pbe_native,auroc,ALIGNN-FF,0.4827987217685911,11,3
D5_max_coverage_union,alex_pbe_native,auprc,ALIGNN-FF,0.3127495121368052,12,4
D5_max_coverage_union,alex_pbe_native,stable_yield@100,ALIGNN-FF,0.29,11,4
D5_max_coverage_union,alex_pbe_native,stable_yield@300,ALIGNN-FF,0.22,12,4
D5_max_coverage_union,alex_pbe_native,stable_yield@500,ALIGNN-FF,0.238,12,4
D5_max_coverage_union,alex_pbe_native,stable_yield@1000,ALIGNN-FF,0.299,12,4
D5_max_coverage_union,alex_pbe_native,stable_yield@5000,ALIGNN-FF,0.2894,12,4
D5_max_coverage_union,alex_pbe_native,stable_yield@10000,ALIGNN-FF,0.2919,11,3
D5_max_coverage_union,common_pool,f1,ALIGNN-FF,0.48337983743782603,11,4
D5_max_coverage_union,common_pool,precision,ALIGNN-FF,0.48337983743782603,11,4
D5_max_coverage_union,common_pool,recall,ALIGNN-FF,0.48337983743782603,11,4
D5_max_coverage_union,common_pool,balanced_accuracy,ALIGNN-FF,0.46493031645726357,11,4
D5_max_coverage_union,common_pool,auroc,ALIGNN-FF,0.4776810869639723,11,3
D5_max_coverage_union,common_pool,auprc,ALIGNN-FF,0.4963726286121348,12,4
D5_max_coverage_union,common_pool,stable_yield@100,ALIGNN-FF,0.57,10,4
D5_max_coverage_union,common_pool,stable_yield@300,ALIGNN-FF,0.48333333333333334,12,4
D5_max_coverage_union,common_pool,stable_yield@500,ALIGNN-FF,0.48,11,4
D5_max_coverage_union,common_pool,stable_yield@1000,ALIGNN-FF,0.499,10,4
D5_max_coverage_union,common_pool,stable_yield@5000,ALIGNN-FF,0.466,12,4
D5_max_coverage_union,common_pool,stable_yield@10000,ALIGNN-FF,0.4708,11,3
D5_max_coverage_union,consensus,f1,ALIGNN-FF,0.32981975334668495,12,4
D5_max_coverage_union,consensus,precision,ALIGNN-FF,0.32981975334668495,12,4
D5_max_coverage_union,consensus,recall,ALIGNN-FF,0.32981975334668495,12,4
D5_max_coverage_union,consensus,balanced_accuracy,ALIGNN-FF,0.4547697391799528,12,4
D5_max_coverage_union,consensus,auroc,ALIGNN-FF,0.47256744554615276,12,4
D5_max_coverage_union,consensus,auprc,ALIGNN-FF,0.3600787647691679,12,4
D5_max_coverage_union,consensus,stable_yield@100,ALIGNN-FF,0.37,12,4
D5_max_coverage_union,consensus,stable_yield@300,ALIGNN-FF,0.3,12,4
D5_max_coverage_union,consensus,stable_yield@500,ALIGNN-FF,0.35,12,4
D5_max_coverage_union,consensus,stable_yield@1000,ALIGNN-FF,0.355,11,4
D5_max_coverage_union,consensus,stable_yield@5000,ALIGNN-FF,0.326,12,4
D5_max_coverage_union,consensus,stable_yield@10000,ALIGNN-FF,0.33,12,4
D5_max_coverage_union,uncertain,f1,ALIGNN-FF,0.30885369656191025,9,4
D5_max_coverage_union,uncertain,precision,ALIGNN-FF,0.30885369656191025,9,4
D5_max_coverage_union,uncertain,recall,ALIGNN-FF,0.30885369656191025,9,4
D5_max_coverage_union,uncertain,balanced_accuracy,ALIGNN-FF,0.4833319874237543,9,4
D5_max_coverage_union,uncertain,auroc,ALIGNN-FF,0.47735467047541574,11,4
D5_max_coverage_union,uncertain,auprc,ALIGNN-FF,0.31797915044783065,11,4
D5_max_coverage_union,uncertain,stable_yield@100,ALIGNN-FF,0.38,6,4
D5_max_coverage_union,uncertain,stable_yield@300,ALIGNN-FF,0.36333333333333334,6,4
D5_max_coverage_union,uncertain,stable_yield@500,ALIGNN-FF,0.322,6,4
D5_max_coverage_union,uncertain,stable_yield@1000,ALIGNN-FF,0.311,7,4
D5_max_coverage_union,uncertain,stable_yield@5000,ALIGNN-FF,0.3124,9,4
D5_max_coverage_union,uncertain,stable_yield@10000,ALIGNN-FF,0.3075,9,4
D5_max_coverage_union,audit_view,f1,ALIGNN-FF,0.22515020554442922,11,3
D5_max_coverage_union,audit_view,precision,ALIGNN-FF,0.22515020554442922,11,3
D5_max_coverage_union,audit_view,recall,ALIGNN-FF,0.22515020554442922,11,3
D5_max_coverage_union,audit_view,balanced_accuracy,ALIGNN-FF,0.47801533707571087,11,3
D5_max_coverage_union,audit_view,auroc,ALIGNN-FF,0.48845314708619547,11,3
D5_max_coverage_union,audit_view,auprc,ALIGNN-FF,0.2456887829605552,12,4
D5_max_coverage_union,audit_view,stable_yield@100,ALIGNN-FF,0.25,10,4
D5_max_coverage_union,audit_view,stable_yield@300,ALIGNN-FF,0.18666666666666668,12,4
D5_max_coverage_union,audit_view,stable_yield@500,ALIGNN-FF,0.204,12,4
D5_max_coverage_union,audit_view,stable_yield@1000,ALIGNN-FF,0.245,12,4
D5_max_coverage_union,audit_view,stable_yield@5000,ALIGNN-FF,0.2264,12,4
D5_max_coverage_union,audit_view,stable_yield@10000,ALIGNN-FF,0.2273,11,3
D5_max_coverage_union,mp_native,f1,CHGNet,0.36111480643873883,11,3
D5_max_coverage_union,mp_native,precision,CHGNet,0.36111480643873883,11,3
D5_max_coverage_union,mp_native,recall,CHGNet,0.36111480643873883,11,3
D5_max_coverage_union,mp_native,balanced_accuracy,CHGNet,0.4599252536351364,11,3
D5_max_coverage_union,mp_native,auroc,CHGNet,0.4663785149428588,11,3
D5_max_coverage_union,mp_native,auprc,CHGNet,0.386028293860766,11,3
D5_max_coverage_union,mp_native,stable_yield@100,CHGNet,0.62,5,1
D5_max_coverage_union,mp_native,stable_yield@300,CHGNet,0.54,7,2
D5_max_coverage_union,mp_native,stable_yield@500,CHGNet,0.484,9,3
D5_max_coverage_union,mp_native,stable_yield@1000,CHGNet,0.442,10,3
D5_max_coverage_union,mp_native,stable_yield@5000,CHGNet,0.3532,11,3
D5_max_coverage_union,mp_native,stable_yield@10000,CHGNet,0.3404,12,4
D5_max_coverage_union,alexmp20_native,f1,CHGNet,0.31781954887218045,11,3
D5_max_coverage_union,alexmp20_native,precision,CHGNet,0.31781954887218045,11,3
D5_max_coverage_union,alexmp20_native,recall,CHGNet,0.31781954887218045,11,3
D5_max_coverage_union,alexmp20_native,balanced_accuracy,CHGNet,0.46587543547179083,11,3
D5_max_coverage_union,alexmp20_native,auroc,CHGNet,0.47649618493278,11,3
D5_max_coverage_union,alexmp20_native,auprc,CHGNet,0.3423696989798331,11,3
D5_max_coverage_union,alexmp20_native,stable_yield@100,CHGNet,0.42,6,1
D5_max_coverage_union,alexmp20_native,stable_yield@300,CHGNet,0.39,8,2
D5_max_coverage_union,alexmp20_native,stable_yield@500,CHGNet,0.368,10,3
D5_max_coverage_union,alexmp20_native,stable_yield@1000,CHGNet,0.359,10,3
D5_max_coverage_union,alexmp20_native,stable_yield@5000,CHGNet,0.314,11,3
D5_max_coverage_union,alexmp20_native,stable_yield@10000,CHGNet,0.3067,11,3
D5_max_coverage_union,alex_pbe_native,f1,CHGNet,0.28901116951379763,12,4
D5_max_coverage_union,alex_pbe_native,precision,CHGNet,0.28901116951379763,12,4
D5_max_coverage_union,alex_pbe_native,recall,CHGNet,0.28901116951379763,12,4
D5_max_coverage_union,alex_pbe_native,balanced_accuracy,CHGNet,0.4687289350107059,12,4
D5_max_coverage_union,alex_pbe_native,auroc,CHGNet,0.48128657857347734,12,4
D5_max_coverage_union,alex_pbe_native,auprc,CHGNet,0.3147672985817327,11,3
D5_max_coverage_union,alex_pbe_native,stable_yield@100,CHGNet,0.38,6,1
D5_max_coverage_union,alex_pbe_native,stable_yield@300,CHGNet,0.33,8,2
D5_max_coverage_union,alex_pbe_native,stable_yield@500,CHGNet,0.326,10,3
D5_max_coverage_union,alex_pbe_native,stable_yield@1000,CHGNet,0.321,10,3
D5_max_coverage_union,alex_pbe_native,stable_yield@5000,CHGNet,0.2932,11,3
D5_max_coverage_union,alex_pbe_native,stable_yield@10000,CHGNet,0.2853,12,4
D5_max_coverage_union,common_pool,f1,CHGNet,0.48459298798980954,10,3
D5_max_coverage_union,common_pool,precision,CHGNet,0.48459298798980954,10,3
D5_max_coverage_union,common_pool,recall,CHGNet,0.48459298798980954,10,3
D5_max_coverage_union,common_pool,balanced_accuracy,CHGNet,0.4661688454832708,10,3
D5_max_coverage_union,common_pool,auroc,CHGNet,0.47714848087546924,12,4
D5_max_coverage_union,common_pool,auprc,CHGNet,0.5011589083844536,11,3
D5_max_coverage_union,common_pool,stable_yield@100,CHGNet,0.72,7,1
D5_max_coverage_union,common_pool,stable_yield@300,CHGNet,0.62,8,2
D5_max_coverage_union,common_pool,stable_yield@500,CHGNet,0.578,9,3
D5_max_coverage_union,common_pool,stable_yield@1000,CHGNet,0.54,9,3
D5_max_coverage_union,common_pool,stable_yield@5000,CHGNet,0.478,11,3
D5_max_coverage_union,common_pool,stable_yield@10000,CHGNet,0.4654,12,4
D5_max_coverage_union,consensus,f1,CHGNet,0.33846316011384,11,3
D5_max_coverage_union,consensus,precision,CHGNet,0.33846316011384,11,3
D5_max_coverage_union,consensus,recall,CHGNet,0.33846316011384,11,3
D5_max_coverage_union,consensus,balanced_accuracy,CHGNet,0.46178793624122616,11,3
D5_max_coverage_union,consensus,auroc,CHGNet,0.47316068878310924,11,3
D5_max_coverage_union,consensus,auprc,CHGNet,0.3652564747342638,11,3
D5_max_coverage_union,consensus,stable_yield@100,CHGNet,0.54,8,2
D5_max_coverage_union,consensus,stable_yield@300,CHGNet,0.4266666666666667,10,3
D5_max_coverage_union,consensus,stable_yield@500,CHGNet,0.414,9,3
D5_max_coverage_union,consensus,stable_yield@1000,CHGNet,0.379,10,3
D5_max_coverage_union,consensus,stable_yield@5000,CHGNet,0.327,11,3
D5_max_coverage_union,consensus,stable_yield@10000,CHGNet,0.3405,10,3
D5_max_coverage_union,uncertain,f1,CHGNet,0.3105768441782227,8,3
D5_max_coverage_union,uncertain,precision,CHGNet,0.3105768441782227,8,3
D5_max_coverage_union,uncertain,recall,CHGNet,0.3105768441782227,8,3
D5_max_coverage_union,uncertain,balanced_accuracy,CHGNet,0.484613196607678,8,3
D5_max_coverage_union,uncertain,auroc,CHGNet,0.4793019966362194,10,3
D5_max_coverage_union,uncertain,auprc,CHGNet,0.3219519754434177,10,3
D5_max_coverage_union,uncertain,stable_yield@100,CHGNet,0.39,3,1
D5_max_coverage_union,uncertain,stable_yield@300,CHGNet,0.38,4,2
D5_max_coverage_union,uncertain,stable_yield@500,CHGNet,0.372,3,1
D5_max_coverage_union,uncertain,stable_yield@1000,CHGNet,0.354,3,1
D5_max_coverage_union,uncertain,stable_yield@5000,CHGNet,0.324,5,2
D5_max_coverage_union,uncertain,stable_yield@10000,CHGNet,0.3086,8,3
D5_max_coverage_union,audit_view,f1,CHGNet,0.2232528723516391,12,4
D5_max_coverage_union,audit_view,precision,CHGNet,0.2232528723516391,12,4
D5_max_coverage_union,audit_view,recall,CHGNet,0.2232528723516391,12,4
D5_max_coverage_union,audit_view,balanced_accuracy,CHGNet,0.47673224272191317,12,4
D5_max_coverage_union,audit_view,auroc,CHGNet,0.487977057724826,12,4
D5_max_coverage_union,audit_view,auprc,CHGNet,0.24775629953573888,11,3
D5_max_coverage_union,audit_view,stable_yield@100,CHGNet,0.34,5,1
D5_max_coverage_union,audit_view,stable_yield@300,CHGNet,0.2833333333333333,9,3
D5_max_coverage_union,audit_view,stable_yield@500,CHGNet,0.266,10,3
D5_max_coverage_union,audit_view,stable_yield@1000,CHGNet,0.261,10,3
D5_max_coverage_union,audit_view,stable_yield@5000,CHGNet,0.2294,11,3
D5_max_coverage_union,audit_view,stable_yield@10000,CHGNet,0.2232,12,4
D5_max_coverage_union,mp_native,f1,M3GNet,0.3737528269256352,9,2
D5_max_coverage_union,mp_native,precision,M3GNet,0.3737528269256352,9,2
D5_max_coverage_union,mp_native,recall,M3GNet,0.3737528269256352,9,2
D5_max_coverage_union,mp_native,balanced_accuracy,M3GNet,0.47061860383400467,9,2
D5_max_coverage_union,mp_native,auroc,M3GNet,0.4806903353990174,10,2
D5_max_coverage_union,mp_native,auprc,M3GNet,0.3982855260120711,10,2
D5_max_coverage_union,mp_native,stable_yield@100,M3GNet,0.58,7,3
D5_max_coverage_union,mp_native,stable_yield@300,M3GNet,0.53,8,3
D5_max_coverage_union,mp_native,stable_yield@500,M3GNet,0.5,8,2
D5_max_coverage_union,mp_native,stable_yield@1000,M3GNet,0.461,8,2
D5_max_coverage_union,mp_native,stable_yield@5000,M3GNet,0.3822,10,2
D5_max_coverage_union,mp_native,stable_yield@10000,M3GNet,0.3661,10,2
D5_max_coverage_union,alexmp20_native,f1,M3GNet,0.3357894736842105,10,2
D5_max_coverage_union,alexmp20_native,precision,M3GNet,0.3357894736842105,10,2
D5_max_coverage_union,alexmp20_native,recall,M3GNet,0.3357894736842105,10,2
D5_max_coverage_union,alexmp20_native,balanced_accuracy,M3GNet,0.47995328505076834,10,2
D5_max_coverage_union,alexmp20_native,auroc,M3GNet,0.48952281296808525,10,2
D5_max_coverage_union,alexmp20_native,auprc,M3GNet,0.35203972576808107,10,2
D5_max_coverage_union,alexmp20_native,stable_yield@100,M3GNet,0.35,10,3
D5_max_coverage_union,alexmp20_native,stable_yield@300,M3GNet,0.37333333333333335,9,3
D5_max_coverage_union,alexmp20_native,stable_yield@500,M3GNet,0.378,9,2
D5_max_coverage_union,alexmp20_native,stable_yield@1000,M3GNet,0.373,9,2
D5_max_coverage_union,alexmp20_native,stable_yield@5000,M3GNet,0.3384,10,2
D5_max_coverage_union,alexmp20_native,stable_yield@10000,M3GNet,0.3297,10,2
D5_max_coverage_union,alex_pbe_native,f1,M3GNet,0.30609395532194483,10,2
D5_max_coverage_union,alex_pbe_native,precision,M3GNet,0.30609395532194483,10,2
D5_max_coverage_union,alex_pbe_native,recall,M3GNet,0.30609395532194483,10,2
D5_max_coverage_union,alex_pbe_native,balanced_accuracy,M3GNet,0.4815006445171407,10,2
D5_max_coverage_union,alex_pbe_native,auroc,M3GNet,0.49262126657903416,10,2
D5_max_coverage_union,alex_pbe_native,auprc,M3GNet,0.32331305018797435,10,2
D5_max_coverage_union,alex_pbe_native,stable_yield@100,M3GNet,0.33,9,3
D5_max_coverage_union,alex_pbe_native,stable_yield@300,M3GNet,0.33,8,2
D5_max_coverage_union,alex_pbe_native,stable_yield@500,M3GNet,0.338,9,2
D5_max_coverage_union,alex_pbe_native,stable_yield@1000,M3GNet,0.338,8,1
D5_max_coverage_union,alex_pbe_native,stable_yield@5000,M3GNet,0.3114,10,2
D5_max_coverage_union,alex_pbe_native,stable_yield@10000,M3GNet,0.3032,10,2
D5_max_coverage_union,common_pool,f1,M3GNet,0.4907800558049254,9,2
D5_max_coverage_union,common_pool,precision,M3GNet,0.4907800558049254,9,2
D5_max_coverage_union,common_pool,recall,M3GNet,0.4907800558049254,9,2
D5_max_coverage_union,common_pool,balanced_accuracy,M3GNet,0.4725948111610576,9,2
D5_max_coverage_union,common_pool,auroc,M3GNet,0.48624135935746654,10,2
D5_max_coverage_union,common_pool,auprc,M3GNet,0.5101838003090617,10,2
D5_max_coverage_union,common_pool,stable_yield@100,M3GNet,0.68,9,3
D5_max_coverage_union,common_pool,stable_yield@300,M3GNet,0.6166666666666667,9,3
D5_max_coverage_union,common_pool,stable_yield@500,M3GNet,0.598,8,2
D5_max_coverage_union,common_pool,stable_yield@1000,M3GNet,0.553,8,2
D5_max_coverage_union,common_pool,stable_yield@5000,M3GNet,0.504,10,2
D5_max_coverage_union,common_pool,stable_yield@10000,M3GNet,0.4842,10,2
D5_max_coverage_union,consensus,f1,M3GNet,0.3542742700537578,9,2
D5_max_coverage_union,consensus,precision,M3GNet,0.3542742700537578,9,2
D5_max_coverage_union,consensus,recall,M3GNet,0.3542742700537578,9,2
D5_max_coverage_union,consensus,balanced_accuracy,M3GNet,0.47466489811519197,9,2
D5_max_coverage_union,consensus,auroc,M3GNet,0.48693090037707537,10,2
D5_max_coverage_union,consensus,auprc,M3GNet,0.37740592849345683,10,2
D5_max_coverage_union,consensus,stable_yield@100,M3GNet,0.5,9,3
D5_max_coverage_union,consensus,stable_yield@300,M3GNet,0.45,8,2
D5_max_coverage_union,consensus,stable_yield@500,M3GNet,0.424,8,2
D5_max_coverage_union,consensus,stable_yield@1000,M3GNet,0.413,7,1
D5_max_coverage_union,consensus,stable_yield@5000,M3GNet,0.3598,10,2
D5_max_coverage_union,consensus,stable_yield@10000,M3GNet,0.3552,9,2
D5_max_coverage_union,uncertain,f1,M3GNet,0.31336670222368096,7,2
D5_max_coverage_union,uncertain,precision,M3GNet,0.31336670222368096,7,2
D5_max_coverage_union,uncertain,recall,M3GNet,0.31336670222368096,7,2
D5_max_coverage_union,uncertain,balanced_accuracy,M3GNet,0.48670569521096707,7,2
D5_max_coverage_union,uncertain,auroc,M3GNet,0.48171416910767995,9,2
D5_max_coverage_union,uncertain,auprc,M3GNet,0.3232277421530846,9,2
D5_max_coverage_union,uncertain,stable_yield@100,M3GNet,0.39,3,1
D5_max_coverage_union,uncertain,stable_yield@300,M3GNet,0.37666666666666665,5,3
D5_max_coverage_union,uncertain,stable_yield@500,M3GNet,0.352,5,3
D5_max_coverage_union,uncertain,stable_yield@1000,M3GNet,0.342,5,3
D5_max_coverage_union,uncertain,stable_yield@5000,M3GNet,0.3286,4,1
D5_max_coverage_union,uncertain,stable_yield@10000,M3GNet,0.3134,7,2
D5_max_coverage_union,audit_view,f1,M3GNet,0.24043427848634974,9,2
D5_max_coverage_union,audit_view,precision,M3GNet,0.24043427848634974,9,2
D5_max_coverage_union,audit_view,recall,M3GNet,0.24043427848634974,9,2
D5_max_coverage_union,audit_view,balanced_accuracy,M3GNet,0.4883115928400996,9,2
D5_max_coverage_union,audit_view,auroc,M3GNet,0.49810955504474547,10,2
D5_max_coverage_union,audit_view,auprc,M3GNet,0.25546418772278606,10,2
D5_max_coverage_union,audit_view,stable_yield@100,M3GNet,0.31,7,3
D5_max_coverage_union,audit_view,stable_yield@300,M3GNet,0.2866666666666667,8,2
D5_max_coverage_union,audit_view,stable_yield@500,M3GNet,0.292,9,2
D5_max_coverage_union,audit_view,stable_yield@1000,M3GNet,0.279,8,1
D5_max_coverage_union,audit_view,stable_yield@5000,M3GNet,0.249,10,2
D5_max_coverage_union,audit_view,stable_yield@10000,M3GNet,0.2398,9,2
D5_max_coverage_union,mp_native,f1,MACE-MP,0.37940667819608886,8,1
D5_max_coverage_union,mp_native,precision,MACE-MP,0.37940667819608886,8,1
D5_max_coverage_union,mp_native,recall,MACE-MP,0.37940667819608886,8,1
D5_max_coverage_union,mp_native,balanced_accuracy,MACE-MP,0.4753979366724656,8,1
D5_max_coverage_union,mp_native,auroc,MACE-MP,0.48718680234394107,9,1
D5_max_coverage_union,mp_native,auprc,MACE-MP,0.4051540421249722,9,1
D5_max_coverage_union,mp_native,stable_yield@100,MACE-MP,0.61,6,2
D5_max_coverage_union,mp_native,stable_yield@300,MACE-MP,0.56,6,1
D5_max_coverage_union,mp_native,stable_yield@500,MACE-MP,0.53,7,1
D5_max_coverage_union,mp_native,stable_yield@1000,MACE-MP,0.465,7,1
D5_max_coverage_union,mp_native,stable_yield@5000,MACE-MP,0.4088,8,1
D5_max_coverage_union,mp_native,stable_yield@10000,MACE-MP,0.3818,8,1
D5_max_coverage_union,alexmp20_native,f1,MACE-MP,0.3426315789473684,9,1
D5_max_coverage_union,alexmp20_native,precision,MACE-MP,0.3426315789473684,9,1
D5_max_coverage_union,alexmp20_native,recall,MACE-MP,0.3426315789473684,9,1
D5_max_coverage_union,alexmp20_native,balanced_accuracy,MACE-MP,0.48531034312869226,9,1
D5_max_coverage_union,alexmp20_native,auroc,MACE-MP,0.49647532316878484,9,1
D5_max_coverage_union,alexmp20_native,auprc,MACE-MP,0.3592279428030877,9,1
D5_max_coverage_union,alexmp20_native,stable_yield@100,MACE-MP,0.42,6,1
D5_max_coverage_union,alexmp20_native,stable_yield@300,MACE-MP,0.41333333333333333,7,1
D5_max_coverage_union,alexmp20_native,stable_yield@500,MACE-MP,0.41,8,1
D5_max_coverage_union,alexmp20_native,stable_yield@1000,MACE-MP,0.385,8,1
D5_max_coverage_union,alexmp20_native,stable_yield@5000,MACE-MP,0.3612,9,1
D5_max_coverage_union,alexmp20_native,stable_yield@10000,MACE-MP,0.3436,8,1
D5_max_coverage_union,alex_pbe_native,f1,MACE-MP,0.31521024967148487,9,1
D5_max_coverage_union,alex_pbe_native,precision,MACE-MP,0.31521024967148487,9,1
D5_max_coverage_union,alex_pbe_native,recall,MACE-MP,0.31521024967148487,9,1
D5_max_coverage_union,alex_pbe_native,balanced_accuracy,MACE-MP,0.48831250727706466,9,1
D5_max_coverage_union,alex_pbe_native,auroc,MACE-MP,0.4990543584587852,8,1
D5_max_coverage_union,alex_pbe_native,auprc,MACE-MP,0.3285882214703185,9,1
D5_max_coverage_union,alex_pbe_native,stable_yield@100,MACE-MP,0.37,7,2
D5_max_coverage_union,alex_pbe_native,stable_yield@300,MACE-MP,0.35333333333333333,7,1
D5_max_coverage_union,alex_pbe_native,stable_yield@500,MACE-MP,0.354,8,1
D5_max_coverage_union,alex_pbe_native,stable_yield@1000,MACE-MP,0.337,9,2
D5_max_coverage_union,alex_pbe_native,stable_yield@5000,MACE-MP,0.3306,8,1
D5_max_coverage_union,alex_pbe_native,stable_yield@10000,MACE-MP,0.3164,8,1
D5_max_coverage_union,common_pool,f1,MACE-MP,0.49751304136843383,8,1
D5_max_coverage_union,common_pool,precision,MACE-MP,0.49751304136843383,8,1
D5_max_coverage_union,common_pool,recall,MACE-MP,0.49751304136843383,8,1
D5_max_coverage_union,common_pool,balanced_accuracy,MACE-MP,0.4795682448669686,8,1
D5_max_coverage_union,common_pool,auroc,MACE-MP,0.49554978462142807,9,1
D5_max_coverage_union,common_pool,auprc,MACE-MP,0.5182961027178061,7,1
D5_max_coverage_union,common_pool,stable_yield@100,MACE-MP,0.71,8,2
D5_max_coverage_union,common_pool,stable_yield@300,MACE-MP,0.6366666666666667,7,1
D5_max_coverage_union,common_pool,stable_yield@500,MACE-MP,0.616,7,1
D5_max_coverage_union,common_pool,stable_yield@1000,MACE-MP,0.565,7,1
D5_max_coverage_union,common_pool,stable_yield@5000,MACE-MP,0.5262,7,1
D5_max_coverage_union,common_pool,stable_yield@10000,MACE-MP,0.5006,9,1
D5_max_coverage_union,consensus,f1,MACE-MP,0.36217982502371665,8,1
D5_max_coverage_union,consensus,precision,MACE-MP,0.36217982502371665,8,1
D5_max_coverage_union,consensus,recall,MACE-MP,0.36217982502371665,8,1
D5_max_coverage_union,consensus,balanced_accuracy,MACE-MP,0.4810965227709805,8,1
D5_max_coverage_union,consensus,auroc,MACE-MP,0.49759783587627526,9,1
D5_max_coverage_union,consensus,auprc,MACE-MP,0.38636983239392975,7,1
D5_max_coverage_union,consensus,stable_yield@100,MACE-MP,0.57,7,1
D5_max_coverage_union,consensus,stable_yield@300,MACE-MP,0.47333333333333333,7,1
D5_max_coverage_union,consensus,stable_yield@500,MACE-MP,0.442,7,1
D5_max_coverage_union,consensus,stable_yield@1000,MACE-MP,0.41,8,2
D5_max_coverage_union,consensus,stable_yield@5000,MACE-MP,0.3822,9,1
D5_max_coverage_union,consensus,stable_yield@10000,MACE-MP,0.3629,8,1
D5_max_coverage_union,uncertain,f1,MACE-MP,0.3164847788627226,6,1
D5_max_coverage_union,uncertain,precision,MACE-MP,0.3164847788627226,6,1
D5_max_coverage_union,uncertain,recall,MACE-MP,0.3164847788627226,6,1
D5_max_coverage_union,uncertain,balanced_accuracy,MACE-MP,0.4890366205912232,6,1
D5_max_coverage_union,uncertain,auroc,MACE-MP,0.4831995649220195,8,1
D5_max_coverage_union,uncertain,auprc,MACE-MP,0.324247917183357,8,1
D5_max_coverage_union,uncertain,stable_yield@100,MACE-MP,0.39,3,1
D5_max_coverage_union,uncertain,stable_yield@300,MACE-MP,0.3933333333333333,3,1
D5_max_coverage_union,uncertain,stable_yield@500,MACE-MP,0.356,4,2
D5_max_coverage_union,uncertain,stable_yield@1000,MACE-MP,0.354,3,1
D5_max_coverage_union,uncertain,stable_yield@5000,MACE-MP,0.3218,8,3
D5_max_coverage_union,uncertain,stable_yield@10000,MACE-MP,0.3198,6,1
D5_max_coverage_union,audit_view,f1,MACE-MP,0.25466427743227577,8,1
D5_max_coverage_union,audit_view,precision,MACE-MP,0.25466427743227577,8,1
D5_max_coverage_union,audit_view,recall,MACE-MP,0.25466427743227577,8,1
D5_max_coverage_union,audit_view,balanced_accuracy,MACE-MP,0.49789776200004787,8,1
D5_max_coverage_union,audit_view,auroc,MACE-MP,0.5061416953681388,7,1
D5_max_coverage_union,audit_view,auprc,MACE-MP,0.2611515151497135,7,1
D5_max_coverage_union,audit_view,stable_yield@100,MACE-MP,0.34,5,1
D5_max_coverage_union,audit_view,stable_yield@300,MACE-MP,0.30333333333333334,7,1
D5_max_coverage_union,audit_view,stable_yield@500,MACE-MP,0.304,8,1
D5_max_coverage_union,audit_view,stable_yield@1000,MACE-MP,0.277,9,2
D5_max_coverage_union,audit_view,stable_yield@5000,MACE-MP,0.2688,8,1
D5_max_coverage_union,audit_view,stable_yield@10000,MACE-MP,0.2517,8,1
