material_id,model,score_status,score
mp-1000,ALIGNN-FF,scored,-2.4772047996521
mp-1000,CHGNet,scored,-4.4852375984191895
mp-1000,MACE-MP,scored,-4.294638633728027
mp-10000,ALIGNN-FF,scored,-6.981053670247396
mp-10000,CHGNet,scored,-9.166236877441406
mp-10000,MACE-MP,scored,-9.038832346598308
mp-10003,ALIGNN-FF,scored,-6.583488464355469
mp-10003,CHGNet,scored,-9.149551391601562
mp-10003,MACE-MP,scored,-9.159513473510742
mp-10004,ALIGNN-FF,scored,-7.278918743133545
mp-10004,CHGNet,scored,-9.819979667663574
mp-10004,MACE-MP,scored,-9.844766616821287
mp-10009,ALIGNN-FF,scored,-0.5958585739135742
mp-10009,CHGNet,scored,-3.632289409637451
mp-10009,MACE-MP,scored,-3.4447522163391118
mp-1001,ALIGNN-FF,scored,-5.29530398050944
mp-1001,CHGNet,scored,-6.904505252838135
mp-1001,MACE-MP,scored,-6.710889180501302
mp-10010,ALIGNN-FF,scored,-4.351367568969726
mp-10010,CHGNet,scored,-6.307064533233643
mp-10010,MACE-MP,scored,-6.296092224121094
mp-1001012,ALIGNN-FF,scored,-3.9274019513811385
mp-1001012,CHGNet,scored,-6.231085300445557
mp-1001012,MACE-MP,scored,-5.9358335222516745
mp-1001015,ALIGNN-FF,scored,-4.094565255301339
mp-1001015,CHGNet,scored,-6.359629154205322
mp-1001015,MACE-MP,scored,-6.063562665666852
mp-1001016,ALIGNN-FF,scored,-3.255429131644113
mp-1001016,CHGNet,scored,-5.662124156951904
mp-1001016,MACE-MP,scored,-5.3931715829031805
mp-1001017,ALIGNN-FF,scored,-1.1725002016339985
mp-1001017,CHGNet,scored,-3.754234313964844
mp-1001017,MACE-MP,scored,-3.4862308502197266
mp-1001019,ALIGNN-FF,scored,-3.4258005959647044
mp-1001019,CHGNet,scored,-5.83704137802124
mp-1001019,MACE-MP,scored,-5.608010973249163
mp-1001021,ALIGNN-FF,scored,-3.1910176958356584
mp-1001021,CHGNet,scored,-5.821760177612305
mp-1001021,MACE-MP,scored,-5.542519705636161
mp-1001022,ALIGNN-FF,scored,-1.6449058532714844
mp-1001022,CHGNet,scored,-5.074968338012695
mp-1001022,MACE-MP,scored,-5.07695198059082
mp-1001024,ALIGNN-FF,scored,-4.353079659598214
mp-1001024,CHGNet,scored,-6.591545104980469
mp-1001024,MACE-MP,scored,-6.320903233119419
mp-1001034,ALIGNN-FF,scored,-1.459423337663923
mp-1001034,CHGNet,scored,-3.954408645629883
mp-1001034,MACE-MP,scored,-3.709926060267857
mp-1001080,ALIGNN-FF,scored,-5.175692240397136
mp-1001080,CHGNet,scored,-6.644555568695068
mp-1001080,MACE-MP,scored,-6.308872222900391
mp-10014,ALIGNN-FF,scored,-5.787137985229492
mp-10014,CHGNet,scored,-8.121171951293945
mp-10014,MACE-MP,scored,-7.755179723103841
mp-10015,ALIGNN-FF,scored,-6.209609508514404
mp-10015,CHGNet,scored,-8.616270065307617
mp-10015,MACE-MP,scored,-8.594314575195312
mp-1001571,ALIGNN-FF,scored,-4.797862243652344
mp-1001571,CHGNet,scored,-7.217103958129883
mp-1001571,MACE-MP,scored,-6.36165771484375
mp-1001581,ALIGNN-FF,scored,-6.689506530761719
mp-1001581,CHGNet,scored,-8.196990966796875
mp-1001581,MACE-MP,scored,-8.183677128383092
mp-1001600,ALIGNN-FF,scored,-5.92332282433143
mp-1001600,CHGNet,scored,-7.070993900299072
mp-1001600,MACE-MP,scored,-7.128459050105168
mp-1001603,ALIGNN-FF,scored,-5.26342248916626
mp-1001603,CHGNet,scored,-7.52599287033081
mp-1001603,MACE-MP,scored,-7.53074836730957
mp-1001604,ALIGNN-FF,scored,-3.24872088432312
mp-1001604,CHGNet,scored,-5.517077922821045
mp-1001604,MACE-MP,scored,-5.26585578918457
mp-1001606,ALIGNN-FF,scored,-6.071038246154785
mp-1001606,CHGNet,scored,-8.16822338104248
mp-1001606,MACE-MP,scored,-8.135932922363281
mp-1001611,ALIGNN-FF,scored,-2.458149671554565
mp-1001611,CHGNet,scored,-5.050719738006592
mp-1001611,MACE-MP,scored,-4.819944858551025
mp-1001612,ALIGNN-FF,scored,-3.812342882156372
mp-1001612,CHGNet,scored,-5.713164806365967
mp-1001612,MACE-MP,scored,-5.7805891036987305
mp-1001613,ALIGNN-FF,scored,-1.3735744953155518
mp-1001613,CHGNet,scored,-4.380345821380615
mp-1001613,MACE-MP,scored,-4.382272720336914
mp-1001614,ALIGNN-FF,scored,-5.909749031066895
mp-1001614,CHGNet,scored,-7.868504524230957
mp-1001614,MACE-MP,scored,-7.881148815155029
mp-1001615,ALIGNN-FF,scored,-3.8453619480133057
mp-1001615,CHGNet,scored,-5.926835060119629
mp-1001615,MACE-MP,scored,-5.717221736907959
mp-1001780,ALIGNN-FF,scored,-3.04386043548584
mp-1001780,CHGNet,scored,-5.817653656005859
mp-1001780,MACE-MP,scored,-5.595599174499512
mp-1001783,ALIGNN-FF,scored,-2.4829702377319336
mp-1001783,CHGNet,scored,-4.5446062088012695
mp-1001783,MACE-MP,scored,-4.257028102874756
mp-1001784,ALIGNN-FF,scored,-4.295376777648926
mp-1001784,CHGNet,scored,-6.167610168457031
mp-1001784,MACE-MP,scored,-5.928459644317627
mp-1001786,ALIGNN-FF,scored,-4.216054439544678
mp-1001786,CHGNet,scored,-6.116971015930176
mp-1001786,MACE-MP,scored,-5.896666526794434
mp-1001787,ALIGNN-FF,scored,-3.2766976356506348
mp-1001787,CHGNet,scored,-6.09901762008667
mp-1001787,MACE-MP,scored,-6.129008293151856
mp-1001833,ALIGNN-FF,scored,-0.4354985356330871
mp-1001833,CHGNet,scored,-3.2356820106506348
mp-1001833,MACE-MP,scored,-3.2854855060577397
mp-1001835,ALIGNN-FF,scored,-3.6219303607940674
mp-1001835,CHGNet,scored,-4.434252738952637
mp-1001835,MACE-MP,scored,-4.471939086914063
mp-1001836,ALIGNN-FF,scored,-2.49151611328125
mp-1001836,CHGNet,scored,-6.182096004486084
mp-1001836,MACE-MP,scored,-6.163163185119629
mp-1002063,ALIGNN-FF,scored,-2.2348947525024414
mp-1002063,CHGNet,scored,-4.710699081420898
mp-1002063,MACE-MP,scored,-4.374178250630696
mp-10021,ALIGNN-FF,scored,0.6995004415512085
mp-10021,CHGNet,scored,-2.9965837001800537
mp-10021,MACE-MP,scored,-3.0118746757507324
mp-1002104,ALIGNN-FF,scored,-4.218296051025391
mp-1002104,CHGNet,scored,-6.647620677947998
mp-1002104,MACE-MP,scored,-6.676017284393311
mp-1002106,ALIGNN-FF,scored,-5.530345916748047
mp-1002106,CHGNet,scored,-8.280482292175293
mp-1002106,MACE-MP,scored,-8.18571949005127
mp-1002107,ALIGNN-FF,scored,-4.115533828735352
mp-1002107,CHGNet,scored,-6.874582290649414
mp-1002107,MACE-MP,scored,-6.882546901702881
mp-1002109,ALIGNN-FF,scored,-5.297118186950684
mp-1002109,CHGNet,scored,-8.224569320678711
mp-1002109,MACE-MP,scored,-8.151252746582031
mp-1002114,ALIGNN-FF,scored,-4.804723739624023
mp-1002114,CHGNet,scored,-6.534472942352295
mp-1002114,MACE-MP,scored,-6.390795707702637
mp-1002115,ALIGNN-FF,scored,-3.357924461364746
mp-1002115,CHGNet,scored,-5.867446422576904
mp-1002115,MACE-MP,scored,-5.893697738647461
mp-1002122,ALIGNN-FF,scored,-7.685578346252441
mp-1002122,CHGNet,scored,-10.382904052734377
mp-1002122,MACE-MP,scored,-10.314529418945312
mp-1002123,ALIGNN-FF,scored,-4.020956039428711
mp-1002123,CHGNet,scored,-6.214319705963135
mp-1002123,MACE-MP,scored,-5.980847358703613
mp-1002133,ALIGNN-FF,scored,-1.771085262298584
mp-1002133,CHGNet,scored,-4.564122676849365
mp-1002133,MACE-MP,scored,-4.580206871032715
mp-1002136,ALIGNN-FF,scored,-2.582226514816284
mp-1002136,CHGNet,scored,-4.922429084777832
mp-1002136,MACE-MP,scored,-4.935739040374756
mp-10025,ALIGNN-FF,scored,-5.8109391530354815
mp-10025,CHGNet,scored,-8.428217887878418
mp-10025,MACE-MP,scored,-8.387851079305014
mp-1002568,ALIGNN-FF,scored,-5.253867558070591
mp-1002568,CHGNet,scored,-7.926450252532959
mp-1002568,MACE-MP,scored,-7.0623915536063055
mp-1002570,ALIGNN-FF,scored,-4.362641334533691
mp-1002570,CHGNet,scored,-6.931856632232666
mp-1002570,MACE-MP,scored,-6.191423416137695
mp-1002572,ALIGNN-FF,scored,-5.145620822906494
mp-1002572,CHGNet,scored,-7.332874298095703
mp-1002572,MACE-MP,scored,-6.572450160980225
mp-1002573,ALIGNN-FF,scored,-5.206418514251709
mp-1002573,CHGNet,scored,-7.324538230895996
mp-1002573,MACE-MP,scored,-6.576853275299072
mp-1002574,ALIGNN-FF,scored,-4.34788703918457
mp-1002574,CHGNet,scored,-6.879660606384277
mp-1002574,MACE-MP,scored,-6.115535259246826
mp-10026,ALIGNN-FF,scored,-3.736146926879883
mp-10026,CHGNet,scored,-6.053478240966797
mp-10026,MACE-MP,scored,-5.917959690093994
mp-10032,ALIGNN-FF,scored,-3.409629503885905
mp-10032,CHGNet,scored,-6.878105640411377
mp-10032,MACE-MP,scored,-6.872419357299805
mp-10033,ALIGNN-FF,scored,-5.245489756266276
mp-10033,CHGNet,scored,-7.50014591217041
mp-10033,MACE-MP,scored,-7.136905034383138
mp-1003311,ALIGNN-FF,scored,-5.486128670828683
mp-1003311,CHGNet,scored,-8.107739448547363
mp-1003311,MACE-MP,scored,-7.238921574183872
mp-1003312,ALIGNN-FF,scored,-5.318807748647837
mp-1003312,CHGNet,scored,-7.846524238586426
mp-1003312,MACE-MP,scored,-6.930669931265024
mp-1003313,ALIGNN-FF,scored,-5.393104553222656
mp-1003313,CHGNet,scored,-7.591362476348877
mp-1003313,MACE-MP,scored,-6.762232000177557
mp-1003314,ALIGNN-FF,scored,-5.0017869131905695
mp-1003314,CHGNet,scored,-7.548000812530518
mp-1003314,MACE-MP,scored,-6.695473807198661
mp-1003316,ALIGNN-FF,scored,-5.392700782189002
mp-1003316,CHGNet,scored,-7.846088886260986
mp-1003316,MACE-MP,scored,-6.944206824669471
mp-1003317,ALIGNN-FF,scored,-5.570899581909179
mp-1003317,CHGNet,scored,-7.787322044372559
mp-1003317,MACE-MP,scored,-6.892578125
mp-1003322,ALIGNN-FF,scored,-5.035903930664063
mp-1003322,CHGNet,scored,-7.857836723327637
mp-1003322,MACE-MP,scored,-7.1268391609191895
mp-1003402,ALIGNN-FF,scored,-5.008370876312256
mp-1003402,CHGNet,scored,-7.854635238647461
mp-1003402,MACE-MP,scored,-7.1233649253845215
mp-1003483,ALIGNN-FF,scored,-5.591163635253906
mp-1003483,CHGNet,scored,-8.157886505126953
mp-1003483,MACE-MP,scored,-7.22965592604417
mp-1003486,ALIGNN-FF,scored,-5.042074680328369
mp-1003486,CHGNet,scored,-7.854623794555664
mp-1003486,MACE-MP,scored,-7.123372077941895
mp-10036,ALIGNN-FF,scored,-4.037162017822266
mp-10036,CHGNet,scored,-6.329605579376221
mp-10036,MACE-MP,scored,-6.370066833496094
mp-1003637,ALIGNN-FF,scored,-5.556869125366211
mp-1003637,CHGNet,scored,-7.845152854919434
mp-1003637,MACE-MP,scored,-6.940377807617187
mp-10037,ALIGNN-FF,scored,-4.93225326538086
mp-10037,CHGNet,scored,-7.051746845245361
mp-10037,MACE-MP,scored,-7.092942810058593
mp-1003769,ALIGNN-FF,scored,-5.345672607421875
mp-1003769,CHGNet,scored,-7.505592823028564
mp-1003769,MACE-MP,scored,-6.695075988769531
mp-1003856,ALIGNN-FF,scored,-4.7631425857543945
mp-1003856,CHGNet,scored,-7.598536014556885
mp-1003856,MACE-MP,scored,-6.884975433349609
mp-10039,ALIGNN-FF,scored,-3.6436656951904296
mp-10039,CHGNet,scored,-5.629197597503662
mp-10039,MACE-MP,scored,-5.61890869140625
mp-1004373,ALIGNN-FF,scored,-5.2062764167785645
mp-1004373,CHGNet,scored,-7.360650062561035
mp-1004373,MACE-MP,scored,-6.605442523956299
mp-1004375,ALIGNN-FF,scored,-5.52523686335637
mp-1004375,CHGNet,scored,-8.040021896362305
mp-1004375,MACE-MP,scored,-7.106290377103365
mp-10044,ALIGNN-FF,scored,-4.427464485168457
mp-10044,CHGNet,scored,-5.765933036804199
mp-10044,MACE-MP,scored,-5.691648006439209
mp-10045,ALIGNN-FF,scored,-2.182244777679444
mp-10045,CHGNet,scored,-3.960196733474731
mp-10045,MACE-MP,scored,-3.967076778411865
mp-1004525,ALIGNN-FF,scored,-5.729714613694411
mp-1004525,CHGNet,scored,-6.781383991241455
mp-1004525,MACE-MP,scored,-6.767669677734375
mp-1004528,ALIGNN-FF,scored,-3.59033203125
mp-1004528,CHGNet,scored,-5.952044486999512
mp-1004528,MACE-MP,scored,-5.601526596966912
mp-10046,ALIGNN-FF,scored,-6.199159145355225
mp-10046,CHGNet,scored,-8.53670597076416
mp-10046,MACE-MP,scored,-8.57400131225586
mp-10047,ALIGNN-FF,scored,-1.97159481048584
mp-10047,CHGNet,scored,-4.143429756164551
mp-10047,MACE-MP,scored,-4.1312689781188965
mp-1004753,ALIGNN-FF,scored,-5.811008159930889
mp-1004753,CHGNet,scored,-6.771125793457031
mp-1004753,MACE-MP,scored,-6.72317387507512
mp-1004756,ALIGNN-FF,scored,-5.791161757249099
mp-1004756,CHGNet,scored,-6.78495979309082
mp-1004756,MACE-MP,scored,-6.743509732759916
mp-1004758,ALIGNN-FF,scored,-5.407507809725675
mp-1004758,CHGNet,scored,-7.541117191314697
mp-1004758,MACE-MP,scored,-6.718942122025923
mp-10049,ALIGNN-FF,scored,-4.932204352484809
mp-10049,CHGNet,scored,-7.895993709564209
mp-10049,MACE-MP,scored,-7.883132934570312
mp-1005,ALIGNN-FF,scored,-4.782537460327148
mp-1005,CHGNet,scored,-7.5083327293396
mp-1005,MACE-MP,scored,-7.509382247924805
mp-10051,ALIGNN-FF,scored,-2.1903624534606934
mp-10051,CHGNet,scored,-3.788895606994629
mp-10051,MACE-MP,scored,-3.8205716609954834
mp-10052,ALIGNN-FF,scored,-5.078507900238037
mp-10052,CHGNet,scored,-7.162715435028076
mp-10052,MACE-MP,scored,-7.195254325866699
mp-10054,ALIGNN-FF,scored,-5.529401779174805
mp-10054,CHGNet,scored,-7.750575065612793
mp-10054,MACE-MP,scored,-7.735691070556641
mp-10055,ALIGNN-FF,scored,-6.168308258056641
mp-10055,CHGNet,scored,-7.729216575622559
mp-10055,MACE-MP,scored,-7.801960536411831
mp-1005689,ALIGNN-FF,scored,-2.485105302598741
mp-1005689,CHGNet,scored,-5.277811050415039
mp-1005689,MACE-MP,scored,-5.270030127631293
mp-1005693,ALIGNN-FF,scored,-0.7460770010948181
mp-1005693,CHGNet,scored,-3.610156297683716
mp-1005693,MACE-MP,scored,-3.5932393074035645
mp-10057,ALIGNN-FF,scored,-6.210944366455078
mp-10057,CHGNet,scored,-7.811694622039795
mp-10057,MACE-MP,scored,-7.850783538818359
mp-1005752,ALIGNN-FF,scored,-1.7037429809570312
mp-1005752,CHGNet,scored,-4.488335609436035
mp-1005752,MACE-MP,scored,-4.484954833984375
mp-1005753,ALIGNN-FF,scored,-1.963186899820964
mp-1005753,CHGNet,scored,-4.952798366546631
mp-1005753,MACE-MP,scored,-4.986313713921441
mp-1005755,ALIGNN-FF,scored,-2.7962446212768555
mp-1005755,CHGNet,scored,-5.857485294342041
mp-1005755,MACE-MP,scored,-5.886265754699707
mp-1005761,ALIGNN-FF,scored,-1.9737104177474976
mp-1005761,CHGNet,scored,-11.690871238708496
mp-1005761,MACE-MP,scored,-11.729721069335938
mp-10058,ALIGNN-FF,scored,-4.532196680704753
mp-10058,CHGNet,scored,-6.450056076049805
mp-10058,MACE-MP,scored,-6.440080006917317
mp-1005831,ALIGNN-FF,scored,-2.79909553527832
mp-1005831,CHGNet,scored,-5.934745788574219
mp-1005831,MACE-MP,scored,-5.951469421386719
mp-1005895,ALIGNN-FF,scored,-2.0160601139068604
mp-1005895,CHGNet,scored,-7.013377666473389
mp-1005895,MACE-MP,scored,-7.048092842102051
mp-10059,ALIGNN-FF,scored,-5.622999827067058
mp-10059,CHGNet,scored,-7.74322509765625
mp-10059,MACE-MP,scored,-7.782084147135417
mp-1006057,ALIGNN-FF,scored,-1.4291729927062988
mp-1006057,CHGNet,scored,-4.29306173324585
mp-1006057,MACE-MP,scored,-4.29447603225708
mp-1006068,ALIGNN-FF,scored,-2.516489028930664
mp-1006068,CHGNet,scored,-10.14042854309082
mp-1006068,MACE-MP,scored,-10.119661331176758
mp-1006118,ALIGNN-FF,scored,-2.984937243991428
mp-1006118,CHGNet,scored,-4.836385726928711
mp-1006118,MACE-MP,scored,-4.519842359754774
mp-1006132,ALIGNN-FF,scored,-5.435810565948486
mp-1006132,CHGNet,scored,-8.449915885925293
mp-1006132,MACE-MP,scored,-8.391716957092285
mp-1006146,ALIGNN-FF,scored,-1.0395889282226562
mp-1006146,CHGNet,scored,-4.780253410339356
mp-1006146,MACE-MP,scored,-4.781572341918945
mp-10062,ALIGNN-FF,scored,-4.837523324148996
mp-10062,CHGNet,scored,-7.405125617980957
mp-10062,MACE-MP,scored,-7.029386792864118
mp-1006223,ALIGNN-FF,scored,-5.698292658879207
mp-1006223,CHGNet,scored,-7.511763095855713
mp-1006223,MACE-MP,scored,-7.4972410935622
mp-1006242,ALIGNN-FF,scored,-1.5970159258161272
mp-1006242,CHGNet,scored,-6.15660285949707
mp-1006242,MACE-MP,scored,-6.156116485595703
mp-1006246,ALIGNN-FF,scored,-2.141941547393799
mp-1006246,CHGNet,scored,-4.923822402954102
mp-1006246,MACE-MP,scored,-4.942989349365234
mp-1006256,ALIGNN-FF,scored,-1.725950002670288
mp-1006256,CHGNet,scored,-4.589711666107178
mp-1006256,MACE-MP,scored,-4.575821876525879
mp-1006282,ALIGNN-FF,scored,-2.802260398864746
mp-1006282,CHGNet,scored,-5.549671649932861
mp-1006282,MACE-MP,scored,-5.534073638916016
mp-10063,ALIGNN-FF,scored,-0.6779336929321289
mp-10063,CHGNet,scored,-3.355785846710205
mp-10063,MACE-MP,scored,-3.2956435680389404
mp-1006322,ALIGNN-FF,scored,-5.435614691840278
mp-1006322,CHGNet,scored,-7.861714363098144
mp-1006322,MACE-MP,scored,-7.875500996907552
mp-1006323,ALIGNN-FF,scored,-2.1662230491638184
mp-1006323,CHGNet,scored,-4.8215765953063965
mp-1006323,MACE-MP,scored,-4.814732551574707
mp-1006324,ALIGNN-FF,scored,-5.1701606750488285
mp-1006324,CHGNet,scored,-7.371941566467285
mp-1006324,MACE-MP,scored,-7.080701446533203
mp-1006351,ALIGNN-FF,scored,-3.513701200485229
mp-1006351,CHGNet,scored,-6.2423505783081055
mp-1006351,MACE-MP,scored,-6.231833457946777
mp-1006352,ALIGNN-FF,scored,-2.778686141967773
mp-1006352,CHGNet,scored,-5.916205406188965
mp-1006352,MACE-MP,scored,-5.924081039428711
mp-1006372,ALIGNN-FF,scored,-3.503253618876139
mp-1006372,CHGNet,scored,-5.814975738525391
mp-1006372,MACE-MP,scored,-5.36024284362793
mp-1006399,ALIGNN-FF,scored,-0.4417978525161743
mp-1006399,CHGNet,scored,-3.680251121520996
mp-1006399,MACE-MP,scored,-3.659673055013021
mp-10068,ALIGNN-FF,scored,-6.599108378092448
mp-10068,CHGNet,scored,-9.102203369140623
mp-10068,MACE-MP,scored,-8.931575775146484
mp-1006885,ALIGNN-FF,scored,-3.4528937339782715
mp-1006885,CHGNet,scored,-5.614227771759033
mp-1006885,MACE-MP,scored,-5.381750106811523
mp-1006888,ALIGNN-FF,scored,-3.8074309825897217
mp-1006888,CHGNet,scored,-6.0700459480285645
mp-1006888,MACE-MP,scored,-5.845524787902832
mp-1006891,ALIGNN-FF,scored,-2.9882607460021973
mp-1006891,CHGNet,scored,-5.189093112945557
mp-1006891,MACE-MP,scored,-4.953192710876465
mp-10069,ALIGNN-FF,scored,-5.001914978027344
mp-10069,CHGNet,scored,-7.03411865234375
mp-10069,MACE-MP,scored,-7.0279693603515625
mp-1007,ALIGNN-FF,scored,-3.2933449745178223
mp-1007,CHGNet,scored,-5.57602071762085
mp-1007,MACE-MP,scored,-5.481834888458252
mp-10074,ALIGNN-FF,scored,-1.841005007425944
mp-10074,CHGNet,scored,-4.420411586761475
mp-10074,MACE-MP,scored,-4.115288098653157
mp-10076,ALIGNN-FF,scored,-3.4821864041415127
mp-10076,CHGNet,scored,-7.136851787567139
mp-10076,MACE-MP,scored,-7.153172579678622
mp-1007636,ALIGNN-FF,scored,-3.541490077972412
mp-1007636,CHGNet,scored,-5.572439670562744
mp-1007636,MACE-MP,scored,-5.34788703918457
mp-1007637,ALIGNN-FF,scored,-1.3821768760681152
mp-1007637,CHGNet,scored,-2.520646572113037
mp-1007637,MACE-MP,scored,-2.402827024459839
mp-1007652,ALIGNN-FF,scored,-1.3526030778884888
mp-1007652,CHGNet,scored,-3.845093965530396
mp-1007652,MACE-MP,scored,-3.916280746459961
mp-1007656,ALIGNN-FF,scored,-4.472805023193359
mp-1007656,CHGNet,scored,-7.201957702636719
mp-1007656,MACE-MP,scored,-7.245557308197021
mp-1007661,ALIGNN-FF,scored,-0.806647777557373
mp-1007661,CHGNet,scored,-3.5706257820129395
mp-1007661,MACE-MP,scored,-3.537707090377808
mp-1007663,ALIGNN-FF,scored,-2.130290508270264
mp-1007663,CHGNet,scored,-4.547669410705566
mp-1007663,MACE-MP,scored,-4.348394393920898
mp-1007664,ALIGNN-FF,scored,-2.131617307662964
mp-1007664,CHGNet,scored,-5.006248474121094
mp-1007664,MACE-MP,scored,-5.026947975158691
mp-1007665,ALIGNN-FF,scored,-3.222994089126587
mp-1007665,CHGNet,scored,-5.539836406707764
mp-1007665,MACE-MP,scored,-5.2873077392578125
mp-1007666,ALIGNN-FF,scored,-2.295683622360229
mp-1007666,CHGNet,scored,-4.799871444702148
mp-1007666,MACE-MP,scored,-4.820448398590088
mp-1007691,ALIGNN-FF,scored,-6.713362693786621
mp-1007691,CHGNet,scored,-9.10167121887207
mp-1007691,MACE-MP,scored,-9.149820327758787
mp-1007692,ALIGNN-FF,scored,-5.576983451843262
mp-1007692,CHGNet,scored,-8.28967571258545
mp-1007692,MACE-MP,scored,-8.254804611206055
mp-1007730,ALIGNN-FF,scored,-3.875786304473877
mp-1007730,CHGNet,scored,-5.681353092193604
mp-1007730,MACE-MP,scored,-5.737849235534668
mp-1007755,ALIGNN-FF,scored,-4.757156848907471
mp-1007755,CHGNet,scored,-7.070091247558594
mp-1007755,MACE-MP,scored,-7.163965702056885
mp-1007758,ALIGNN-FF,scored,-2.582965612411499
mp-1007758,CHGNet,scored,-5.503267288208008
mp-1007758,MACE-MP,scored,-5.497721195220947
mp-1007760,ALIGNN-FF,scored,-0.9137502908706664
mp-1007760,CHGNet,scored,-4.4573655128479
mp-1007760,MACE-MP,scored,-4.59738826751709
mp-1007786,ALIGNN-FF,scored,-7.417722702026367
mp-1007786,CHGNet,scored,-10.35816764831543
mp-1007786,MACE-MP,scored,-10.334850311279297
mp-10078,ALIGNN-FF,scored,-3.2644335428873696
mp-10078,CHGNet,scored,-6.389808654785156
mp-10078,MACE-MP,scored,-6.387599945068359
mp-1007821,ALIGNN-FF,scored,-2.535661220550537
mp-1007821,CHGNet,scored,-5.860930442810059
mp-1007821,MACE-MP,scored,-5.847247123718262
mp-1007852,ALIGNN-FF,scored,-4.373630523681641
mp-1007852,CHGNet,scored,-7.381731986999512
mp-1007852,MACE-MP,scored,-7.431796550750732
mp-1007853,ALIGNN-FF,scored,-3.7311952114105225
mp-1007853,CHGNet,scored,-7.709836006164551
mp-1007853,MACE-MP,scored,-7.722025394439697
mp-1007855,ALIGNN-FF,scored,-2.2463600635528564
mp-1007855,CHGNet,scored,-6.449581623077393
mp-1007855,MACE-MP,scored,-6.488278388977051
mp-1007857,ALIGNN-FF,scored,0.7378090620040894
mp-1007857,CHGNet,scored,-2.9818968772888184
mp-1007857,MACE-MP,scored,-2.999706983566284
mp-1007862,ALIGNN-FF,scored,-3.7391746044158936
mp-1007862,CHGNet,scored,-7.720232486724853
mp-1007862,MACE-MP,scored,-7.731621742248535
mp-1007881,ALIGNN-FF,scored,-5.56697416305542
mp-1007881,CHGNet,scored,-7.9351091384887695
mp-1007881,MACE-MP,scored,-7.935239315032959
mp-1007900,ALIGNN-FF,scored,-3.277571439743042
mp-1007900,CHGNet,scored,-6.688395977020264
mp-1007900,MACE-MP,scored,-6.417710304260254
mp-1007907,ALIGNN-FF,scored,-2.1041817665100098
mp-1007907,CHGNet,scored,-4.533309459686279
mp-1007907,MACE-MP,scored,-4.3347578048706055
mp-1007908,ALIGNN-FF,scored,-2.152874231338501
mp-1007908,CHGNet,scored,-4.558188438415527
mp-1007908,MACE-MP,scored,-4.367665767669678
mp-1007910,ALIGNN-FF,scored,-3.482236862182617
mp-1007910,CHGNet,scored,-6.701158046722412
mp-1007910,MACE-MP,scored,-6.469435214996338
mp-1007918,ALIGNN-FF,scored,-2.2839488983154297
mp-1007918,CHGNet,scored,-4.804488658905029
mp-1007918,MACE-MP,scored,-4.82739782333374
mp-1007922,ALIGNN-FF,scored,0.6001145839691162
mp-1007922,CHGNet,scored,-3.0978446006774902
mp-1007922,MACE-MP,scored,-2.9174675941467285
mp-1007923,ALIGNN-FF,scored,-2.712282419204712
mp-1007923,CHGNet,scored,-6.7499284744262695
mp-1007923,MACE-MP,scored,-6.766420841217041
mp-1007974,ALIGNN-FF,scored,-2.712862491607666
mp-1007974,CHGNet,scored,-6.7540130615234375
mp-1007974,MACE-MP,scored,-6.705417633056641
mp-1007976,ALIGNN-FF,scored,1.521221160888672
mp-1007976,CHGNet,scored,-0.8613659143447876
mp-1007976,MACE-MP,scored,-0.8176368474960327
mp-1008224,ALIGNN-FF,scored,-5.137124061584473
mp-1008224,CHGNet,scored,-7.588034152984619
mp-1008224,MACE-MP,scored,-7.621637344360352
mp-1008274,ALIGNN-FF,scored,-5.799304008483887
mp-1008274,CHGNet,scored,-8.61668586730957
mp-1008274,MACE-MP,scored,-8.573236465454102
mp-1008279,ALIGNN-FF,scored,-5.326272010803223
mp-1008279,CHGNet,scored,-8.062105178833008
mp-1008279,MACE-MP,scored,-8.05091667175293
mp-1008280,ALIGNN-FF,scored,-4.904720306396484
mp-1008280,CHGNet,scored,-7.674012184143066
mp-1008280,MACE-MP,scored,-7.684211254119873
mp-1008349,ALIGNN-FF,scored,-3.5910089015960693
mp-1008349,CHGNet,scored,-6.685360431671143
mp-1008349,MACE-MP,scored,-6.707177639007568
mp-1008376,ALIGNN-FF,scored,-3.729624509811402
mp-1008376,CHGNet,scored,-4.682342052459717
mp-1008376,MACE-MP,scored,-4.488310813903809
mp-1008487,ALIGNN-FF,scored,-8.290010452270508
mp-1008487,CHGNet,scored,-10.157838821411133
mp-1008487,MACE-MP,scored,-10.180425643920898
mp-1008488,ALIGNN-FF,scored,-2.072556257247925
mp-1008488,CHGNet,scored,-4.829770565032959
mp-1008488,MACE-MP,scored,-4.862868309020996
mp-1008492,ALIGNN-FF,scored,0.147999882698059
mp-1008492,CHGNet,scored,-2.0465822219848637
mp-1008492,MACE-MP,scored,-1.784797430038452
mp-1008500,ALIGNN-FF,scored,-4.072655200958252
mp-1008500,CHGNet,scored,-6.190234661102295
mp-1008500,MACE-MP,scored,-5.887228965759277
mp-1008501,ALIGNN-FF,scored,-2.416001796722412
mp-1008501,CHGNet,scored,-3.7183427810668954
mp-1008501,MACE-MP,scored,-3.730115413665772
mp-1008505,ALIGNN-FF,scored,-1.674889087677002
mp-1008505,CHGNet,scored,-4.1066670417785645
mp-1008505,MACE-MP,scored,-4.101317882537842
mp-1008506,ALIGNN-FF,scored,-1.9506070613861084
mp-1008506,CHGNet,scored,-3.8588948249816895
mp-1008506,MACE-MP,scored,-3.845552921295166
mp-1008511,ALIGNN-FF,scored,0.2215977907180786
mp-1008511,CHGNet,scored,-3.5498921871185303
mp-1008511,MACE-MP,scored,-3.499256134033203
mp-1008528,ALIGNN-FF,scored,-4.865194320678711
mp-1008528,CHGNet,scored,-6.0580363273620605
mp-1008528,MACE-MP,scored,-6.063009738922119
mp-1008530,ALIGNN-FF,scored,-4.645211219787598
mp-1008530,CHGNet,scored,-7.462578296661377
mp-1008530,MACE-MP,scored,-7.5091962814331055
mp-1008555,ALIGNN-FF,scored,-0.365759789943695
mp-1008555,CHGNet,scored,-4.201833724975586
mp-1008555,MACE-MP,scored,-4.191943168640137
mp-1008556,ALIGNN-FF,scored,-4.870100021362305
mp-1008556,CHGNet,scored,-6.939148902893066
mp-1008556,MACE-MP,scored,-6.785223960876465
mp-1008559,ALIGNN-FF,scored,-5.111260414123535
mp-1008559,CHGNet,scored,-6.346925735473633
mp-1008559,MACE-MP,scored,-6.443594455718994
mp-1008561,ALIGNN-FF,scored,-2.078440427780152
mp-1008561,CHGNet,scored,-4.489389896392822
mp-1008561,MACE-MP,scored,-4.295210838317871
mp-1008568,ALIGNN-FF,scored,-5.218204498291016
mp-1008568,CHGNet,scored,-8.044700622558594
mp-1008568,MACE-MP,scored,-8.022040685017904
mp-10086,ALIGNN-FF,scored,-5.276674906412761
mp-10086,CHGNet,scored,-7.454133987426758
mp-10086,MACE-MP,scored,-7.136611302693685
mp-1008601,ALIGNN-FF,scored,-1.9434943199157717
mp-1008601,CHGNet,scored,-4.806677341461182
mp-1008601,MACE-MP,scored,-4.799295107523601
mp-1008617,ALIGNN-FF,scored,0.2520577907562256
mp-1008617,CHGNet,scored,-2.722451448440552
mp-1008617,MACE-MP,scored,-2.736391067504883
mp-1008624,ALIGNN-FF,scored,-3.0563526153564453
mp-1008624,CHGNet,scored,-6.060296535491943
mp-1008624,MACE-MP,scored,-6.114529927571614
mp-1008626,ALIGNN-FF,scored,-3.1563199361165366
mp-1008626,CHGNet,scored,-5.693285465240479
mp-1008626,MACE-MP,scored,-5.433962504069011
mp-1008632,ALIGNN-FF,scored,-7.15260632832845
mp-1008632,CHGNet,scored,-9.568244934082031
mp-1008632,MACE-MP,scored,-9.553791681925455
mp-1008634,ALIGNN-FF,scored,-0.5005322694778442
mp-1008634,CHGNet,scored,-3.2313032150268555
mp-1008634,MACE-MP,scored,-3.2574286460876465
mp-1008680,ALIGNN-FF,scored,-3.760936101277669
mp-1008680,CHGNet,scored,-6.965484142303467
mp-1008680,MACE-MP,scored,-7.037797927856445
mp-10087,ALIGNN-FF,scored,-4.118873596191406
mp-10087,CHGNet,scored,-6.441097259521484
mp-10087,MACE-MP,scored,-6.445082346598308
mp-1008728,ALIGNN-FF,scored,-1.448527216911316
mp-1008728,CHGNet,scored,-5.668181896209717
mp-1008728,MACE-MP,scored,-5.664458274841309
mp-1008786,ALIGNN-FF,scored,-1.0409846305847168
mp-1008786,CHGNet,scored,-3.396709680557251
mp-1008786,MACE-MP,scored,-3.164548635482788
mp-1008858,ALIGNN-FF,scored,-2.786848386128744
mp-1008858,CHGNet,scored,-5.467452049255371
mp-1008858,MACE-MP,scored,-5.522866566975911
mp-1008865,ALIGNN-FF,scored,0.4651858806610107
mp-1008865,CHGNet,scored,-2.5511577129364014
mp-1008865,MACE-MP,scored,-2.536044120788574
mp-1008874,ALIGNN-FF,scored,-3.650829315185547
mp-1008874,CHGNet,scored,-6.609331607818604
mp-1008874,MACE-MP,scored,-6.524866739908855
mp-1008881,ALIGNN-FF,scored,-1.2687069574991865
mp-1008881,CHGNet,scored,-3.862247228622437
mp-1008881,MACE-MP,scored,-3.7507330576578775
mp-10089,ALIGNN-FF,scored,-2.105855517917209
mp-10089,CHGNet,scored,-4.016737461090088
mp-10089,MACE-MP,scored,-3.965847863091363
mp-1008903,ALIGNN-FF,scored,-0.4963623682657878
mp-1008903,CHGNet,scored,-3.12559175491333
mp-1008903,MACE-MP,scored,-3.0606330235799155
mp-1009018,ALIGNN-FF,scored,0.4486246109008789
mp-1009018,CHGNet,scored,-2.792557001113892
mp-1009018,MACE-MP,scored,-2.762274742126465
mp-1009077,ALIGNN-FF,scored,-3.778968572616577
mp-1009077,CHGNet,scored,-5.859653472900391
mp-1009077,MACE-MP,scored,-5.876363277435303
mp-1009082,ALIGNN-FF,scored,-1.6549079418182373
mp-1009082,CHGNet,scored,-4.043420791625977
mp-1009082,MACE-MP,scored,-4.041018486022949
mp-1009083,ALIGNN-FF,scored,-2.116886615753174
mp-1009083,CHGNet,scored,-4.378096103668213
mp-1009083,MACE-MP,scored,-4.412422180175781
mp-1009084,ALIGNN-FF,scored,-2.194967746734619
mp-1009084,CHGNet,scored,-4.435332775115967
mp-1009084,MACE-MP,scored,-4.448183059692383
mp-1009085,ALIGNN-FF,scored,-3.8787412643432617
mp-1009085,CHGNet,scored,-5.309782028198242
mp-1009085,MACE-MP,scored,-5.371648788452148
mp-1009086,ALIGNN-FF,scored,-2.7179226875305176
mp-1009086,CHGNet,scored,-4.842596054077148
mp-1009086,MACE-MP,scored,-4.8586626052856445
mp-1009087,ALIGNN-FF,scored,-3.3632025718688965
mp-1009087,CHGNet,scored,-4.818080902099609
mp-1009087,MACE-MP,scored,-4.826284408569336
mp-1009088,ALIGNN-FF,scored,-2.45941162109375
mp-1009088,CHGNet,scored,-4.56689977645874
mp-1009088,MACE-MP,scored,-4.592860698699951
mp-10091,ALIGNN-FF,scored,-1.971565008163452
mp-10091,CHGNet,scored,-4.922609329223633
mp-10091,MACE-MP,scored,-4.73117733001709
mp-1009130,ALIGNN-FF,scored,-6.574463844299316
mp-1009130,CHGNet,scored,-9.057778358459473
mp-1009130,MACE-MP,scored,-8.962822914123535
mp-1009132,ALIGNN-FF,scored,-2.7590227127075195
mp-1009132,CHGNet,scored,-5.411495685577393
mp-1009132,MACE-MP,scored,-5.471042633056641
mp-1009133,ALIGNN-FF,scored,-4.944245338439941
mp-1009133,CHGNet,scored,-8.104425430297852
mp-1009133,MACE-MP,scored,-8.036827087402344
mp-1009134,ALIGNN-FF,scored,-5.125194072723389
mp-1009134,CHGNet,scored,-8.729240417480469
mp-1009134,MACE-MP,scored,-8.732401847839355
mp-10092,ALIGNN-FF,scored,-0.5968132615089417
mp-10092,CHGNet,scored,-4.023758411407471
mp-10092,MACE-MP,scored,-3.852658748626709
mp-1009238,ALIGNN-FF,scored,-4.627758026123047
mp-1009238,CHGNet,scored,-7.41271448135376
mp-1009238,MACE-MP,scored,-7.407155354817708
mp-10094,ALIGNN-FF,scored,-6.72411426744963
mp-10094,CHGNet,scored,-8.980731010437012
mp-10094,MACE-MP,scored,-8.57000732421875
mp-1009460,ALIGNN-FF,scored,-7.452905654907227
mp-1009460,CHGNet,scored,-9.874250411987305
mp-1009460,MACE-MP,scored,-9.868107477823893
mp-1009490,ALIGNN-FF,scored,-3.2294344902038574
mp-1009490,CHGNet,scored,-4.906150817871094
mp-1009490,MACE-MP,scored,-4.897870063781738
mp-1009504,ALIGNN-FF,scored,-0.9658052126566568
mp-1009504,CHGNet,scored,-5.94284725189209
mp-1009504,MACE-MP,scored,-5.946775436401367
mp-1009543,ALIGNN-FF,scored,-2.803674697875977
mp-1009543,CHGNet,scored,-5.423318862915039
mp-1009543,MACE-MP,scored,-5.496442159016927
mp-1009581,ALIGNN-FF,scored,-3.736581484476725
mp-1009581,CHGNet,scored,-6.290971279144287
mp-1009581,MACE-MP,scored,-5.986440022786458
mp-1009594,ALIGNN-FF,scored,-2.262701988220215
mp-1009594,CHGNet,scored,-4.7461042404174805
mp-1009594,MACE-MP,scored,-4.755602836608887
mp-1009641,ALIGNN-FF,scored,-2.4852011998494468
mp-1009641,CHGNet,scored,-4.934740543365479
mp-1009641,MACE-MP,scored,-4.662186940511067
mp-1009654,ALIGNN-FF,scored,-1.05902361869812
mp-1009654,CHGNet,scored,-4.196028709411621
mp-1009654,MACE-MP,scored,-4.201449712117513
mp-1009657,ALIGNN-FF,scored,-5.09628963470459
mp-1009657,CHGNet,scored,-6.971895694732666
mp-1009657,MACE-MP,scored,-6.724021911621094
mp-1009730,ALIGNN-FF,scored,-0.5072244803110758
mp-1009730,CHGNet,scored,-3.2559313774108887
mp-1009730,MACE-MP,scored,-3.288911819458008
mp-1009733,ALIGNN-FF,scored,-1.3133384386698406
mp-1009733,CHGNet,scored,-3.5466384887695312
mp-1009733,MACE-MP,scored,-3.5838893254597983
mp-1009755,ALIGNN-FF,scored,-0.696642796198527
mp-1009755,CHGNet,scored,-3.44241714477539
mp-1009755,MACE-MP,scored,-3.4724642435709634
mp-1009756,ALIGNN-FF,scored,-0.5747376283009847
mp-1009756,CHGNet,scored,-3.013654947280884
mp-1009756,MACE-MP,scored,-3.0579833984375
mp-1009770,ALIGNN-FF,scored,-6.109442234039307
mp-1009770,CHGNet,scored,-8.57180118560791
mp-1009770,MACE-MP,scored,-8.5310697555542
mp-10098,ALIGNN-FF,scored,-2.701258977254232
mp-10098,CHGNet,scored,-5.61750602722168
mp-10098,MACE-MP,scored,-5.6235917409261065
mp-1009834,ALIGNN-FF,scored,-4.06698735555013
mp-1009834,CHGNet,scored,-6.248728752136231
mp-1009834,MACE-MP,scored,-6.25837771097819
mp-1009839,ALIGNN-FF,scored,-2.4147515296936035
mp-1009839,CHGNet,scored,-4.577509880065918
mp-1009839,MACE-MP,scored,-4.575791358947754
mp-101,ALIGNN-FF,scored,-6.04555606842041
mp-101,CHGNet,scored,-8.842529296875
mp-101,MACE-MP,scored,-8.837387084960938
mp-1010,ALIGNN-FF,scored,-5.994255065917969
mp-1010,CHGNet,scored,-7.385897159576416
mp-1010,MACE-MP,scored,-7.444145965576172
mp-1010136,ALIGNN-FF,scored,0.6944746971130371
mp-1010136,CHGNet,scored,-4.056059837341309
mp-1010136,MACE-MP,scored,-4.064304828643799
mp-10106,ALIGNN-FF,scored,-1.7023658752441406
mp-10106,CHGNet,scored,-3.891457557678223
mp-10106,MACE-MP,scored,-3.859253883361816
mp-1010953,ALIGNN-FF,scored,-0.3705697059631347
mp-1010953,CHGNet,scored,-3.83238673210144
mp-1010953,MACE-MP,scored,-3.834607601165772
mp-10112,ALIGNN-FF,scored,-6.089087168375651
mp-10112,CHGNet,scored,-8.095807075500488
mp-10112,MACE-MP,scored,-8.105679829915365
mp-1011260,ALIGNN-FF,scored,-5.74329833984375
mp-1011260,CHGNet,scored,-9.10881519317627
mp-1011260,MACE-MP,scored,-8.259213256835938
mp-10113,ALIGNN-FF,scored,-6.192971801757812
mp-10113,CHGNet,scored,-8.575486183166504
mp-10113,MACE-MP,scored,-8.559626007080078
mp-10114,ALIGNN-FF,scored,-6.386532783508301
mp-10114,CHGNet,scored,-7.962249279022217
mp-10114,MACE-MP,scored,-8.016609191894531
mp-1011695,ALIGNN-FF,scored,-1.616003195444743
mp-1011695,CHGNet,scored,-2.954312801361084
mp-1011695,MACE-MP,scored,-2.8218393325805664
mp-1011696,ALIGNN-FF,scored,-1.613578160603841
mp-1011696,CHGNet,scored,-2.9213788509368896
mp-1011696,MACE-MP,scored,-2.7807820638020835
mp-1011709,ALIGNN-FF,scored,-1.6125545501708984
mp-1011709,CHGNet,scored,-2.921151161193848
mp-1011709,MACE-MP,scored,-2.78016726175944
mp-10118,ALIGNN-FF,scored,-6.097800663539341
mp-10118,CHGNet,scored,-8.144930839538574
mp-10118,MACE-MP,scored,-8.155785696847099
mp-1012110,ALIGNN-FF,scored,2.1472325325012207
mp-1012110,CHGNet,scored,-0.8585093021392822
mp-1012110,MACE-MP,scored,-0.8216620683670044
mp-1012435,ALIGNN-FF,scored,-1.993741750717163
mp-1012435,CHGNet,scored,-4.644093036651611
mp-1012435,MACE-MP,scored,-4.398025035858154
mp-10125,ALIGNN-FF,scored,-4.24079704284668
mp-10125,CHGNet,scored,-6.788326740264893
mp-10125,MACE-MP,scored,-6.698377132415772
mp-10126,ALIGNN-FF,scored,-6.259171485900879
mp-10126,CHGNet,scored,-8.67774772644043
mp-10126,MACE-MP,scored,-8.709630966186523
mp-1012640,ALIGNN-FF,scored,-4.180296897888184
mp-1012640,CHGNet,scored,-7.677456378936768
mp-1012640,MACE-MP,scored,-7.71538496017456
mp-10129,ALIGNN-FF,scored,-2.7778803507486978
mp-10129,CHGNet,scored,-6.208592891693115
mp-10129,MACE-MP,scored,-6.2219587961832685
mp-10133,ALIGNN-FF,scored,-4.09147834777832
mp-10133,CHGNet,scored,-6.358025074005127
mp-10133,MACE-MP,scored,-6.376071166992188
mp-1013525,ALIGNN-FF,scored,-4.459172248840332
mp-1013525,CHGNet,scored,-6.949692249298096
mp-1013525,MACE-MP,scored,-6.643205006917317
mp-1013526,ALIGNN-FF,scored,-4.507575988769531
mp-1013526,CHGNet,scored,-6.941351890563965
mp-1013526,MACE-MP,scored,-6.632574717203776
mp-1013527,ALIGNN-FF,scored,-2.936546802520752
mp-1013527,CHGNet,scored,-5.002346992492676
mp-1013527,MACE-MP,scored,-5.054078102111816
mp-1013545,ALIGNN-FF,scored,-1.5936026573181152
mp-1013545,CHGNet,scored,-3.845290184020996
mp-1013545,MACE-MP,scored,-3.854551696777344
mp-1013548,ALIGNN-FF,scored,-2.362233161926269
mp-1013548,CHGNet,scored,-4.841224670410156
mp-1013548,MACE-MP,scored,-4.775532531738281
mp-1013549,ALIGNN-FF,scored,-2.3986759185791016
mp-1013549,CHGNet,scored,-4.426497459411621
mp-1013549,MACE-MP,scored,-4.289890670776368
mp-1013554,ALIGNN-FF,scored,-2.498276710510254
mp-1013554,CHGNet,scored,-4.553619384765625
mp-1013554,MACE-MP,scored,-4.548491287231445
mp-1013555,ALIGNN-FF,scored,-2.481430435180664
mp-1013555,CHGNet,scored,-4.501041412353516
mp-1013555,MACE-MP,scored,-4.497454833984375
mp-1013557,ALIGNN-FF,scored,-2.716193962097168
mp-1013557,CHGNet,scored,-4.526567459106445
mp-1013557,MACE-MP,scored,-4.382857894897461
mp-1013558,ALIGNN-FF,scored,-1.7052160263061524
mp-1013558,CHGNet,scored,-4.057703018188477
mp-1013558,MACE-MP,scored,-4.037903213500977
mp-10136,ALIGNN-FF,scored,-6.960704040527344
mp-10136,CHGNet,scored,-9.086277961730955
mp-10136,MACE-MP,scored,-9.156192016601562
mp-1013643,ALIGNN-FF,scored,-1.5466471672058106
mp-1013643,CHGNet,scored,-3.811737775802612
mp-1013643,MACE-MP,scored,-3.795145034790039
mp-1013734,ALIGNN-FF,scored,-2.7375701904296874
mp-1013734,CHGNet,scored,-4.523379325866699
mp-1013734,MACE-MP,scored,-4.4485218048095705
mp-10139,ALIGNN-FF,scored,-4.181964874267578
mp-10139,CHGNet,scored,-6.4979424476623535
mp-10139,MACE-MP,scored,-6.555369567871094
mp-1013900,ALIGNN-FF,scored,-4.044689178466797
mp-1013900,CHGNet,scored,-6.514339447021484
mp-1013900,MACE-MP,scored,-6.134073257446289
mp-1014,ALIGNN-FF,scored,-5.831556955973308
mp-1014,CHGNet,scored,-9.116758346557615
mp-1014,MACE-MP,scored,-9.13825543721517
mp-10140,ALIGNN-FF,scored,-3.743198776245117
mp-10140,CHGNet,scored,-6.0096755027771
mp-10140,MACE-MP,scored,-6.048508834838867
mp-1014013,ALIGNN-FF,scored,-3.9341378211975098
mp-1014013,CHGNet,scored,-5.395007610321045
mp-1014013,MACE-MP,scored,-5.365172386169434
mp-1014160,ALIGNN-FF,scored,-8.025848388671875
mp-1014160,CHGNet,scored,-10.201455116271973
mp-1014160,MACE-MP,scored,-10.076091766357422
mp-1014168,ALIGNN-FF,scored,-0.8740225791931152
mp-1014168,CHGNet,scored,-3.519826889038086
mp-1014168,MACE-MP,scored,-3.211251068115234
mp-10142,ALIGNN-FF,scored,-7.969670976911273
mp-10142,CHGNet,scored,-9.67402172088623
mp-10142,MACE-MP,scored,-9.670249938964844
mp-1014219,ALIGNN-FF,scored,-2.8011629581451416
mp-1014219,CHGNet,scored,-5.814414978027344
mp-1014219,MACE-MP,scored,-5.810639381408691
mp-1014226,ALIGNN-FF,scored,-5.526089477539062
mp-1014226,CHGNet,scored,-8.020172119140625
mp-1014226,MACE-MP,scored,-7.9529266357421875
mp-1014227,ALIGNN-FF,scored,-4.9119391441345215
mp-1014227,CHGNet,scored,-7.481482028961182
mp-1014227,MACE-MP,scored,-7.425479412078857
mp-1014229,ALIGNN-FF,scored,-2.9052823384602866
mp-1014229,CHGNet,scored,-5.809995651245117
mp-1014229,MACE-MP,scored,-5.846546173095703
mp-1014230,ALIGNN-FF,scored,-1.7327759265899658
mp-1014230,CHGNet,scored,-4.738565444946289
mp-1014230,MACE-MP,scored,-4.7630615234375
mp-1014231,ALIGNN-FF,scored,-4.438237190246582
mp-1014231,CHGNet,scored,-7.205828666687012
mp-1014231,MACE-MP,scored,-7.213408788045247
mp-1014244,ALIGNN-FF,scored,-5.321405410766602
mp-1014244,CHGNet,scored,-7.638357639312744
mp-1014244,MACE-MP,scored,-7.487076759338379
mp-1014251,ALIGNN-FF,scored,-5.859687805175781
mp-1014251,CHGNet,scored,-8.110482215881348
mp-1014251,MACE-MP,scored,-7.984706878662109
mp-1014252,ALIGNN-FF,scored,-6.5384269714355465
mp-1014252,CHGNet,scored,-8.848516464233398
mp-1014252,MACE-MP,scored,-8.773057556152343
mp-1014257,ALIGNN-FF,scored,-5.000968933105469
mp-1014257,CHGNet,scored,-7.609423637390137
mp-1014257,MACE-MP,scored,-7.568860626220703
mp-1014265,ALIGNN-FF,scored,-7.266956965128581
mp-1014265,CHGNet,scored,-9.81117057800293
mp-1014265,MACE-MP,scored,-9.764520645141602
