model,label_view,K,n_ranked,stable_n,stable_fraction,uncertain_fraction
ALIGNN-FF,alex_pbe_common_pool,100,36801,61,0.61,0.0
ALIGNN-FF,alex_pbe_common_pool,300,36801,155,0.5166666666666667,0.0
ALIGNN-FF,alex_pbe_common_pool,500,36801,250,0.5,0.0
ALIGNN-FF,alex_pbe_common_pool,1000,36801,527,0.527,0.0
ALIGNN-FF,alex_pbe_common_pool,5000,36801,2523,0.5046,0.0
ALIGNN-FF,alex_pbe_native,100,36801,29,0.29,0.0
ALIGNN-FF,alex_pbe_native,300,36801,66,0.22,0.0
ALIGNN-FF,alex_pbe_native,500,36801,119,0.238,0.0
ALIGNN-FF,alex_pbe_native,1000,36801,299,0.299,0.0
ALIGNN-FF,alex_pbe_native,5000,36801,1447,0.2894,0.0
ALIGNN-FF,alexmp20_native,100,36801,35,0.35,0.0
ALIGNN-FF,alexmp20_native,300,36801,79,0.2633333333333333,0.0
ALIGNN-FF,alexmp20_native,500,36801,134,0.268,0.0
ALIGNN-FF,alexmp20_native,1000,36801,323,0.323,0.0
ALIGNN-FF,alexmp20_native,5000,36801,1483,0.2966,0.0
ALIGNN-FF,all_source_native,100,29915,32,0.32,0.0
ALIGNN-FF,all_source_native,300,29915,82,0.2733333333333333,0.0
ALIGNN-FF,all_source_native,500,29915,153,0.306,0.0
ALIGNN-FF,all_source_native,1000,29915,308,0.308,0.0
ALIGNN-FF,all_source_native,5000,29915,1360,0.272,0.0
ALIGNN-FF,audit_view,100,36801,25,0.25,0.38
ALIGNN-FF,audit_view,300,36801,56,0.18666666666666668,0.36333333333333334
ALIGNN-FF,audit_view,500,36801,102,0.204,0.322
ALIGNN-FF,audit_view,1000,36801,245,0.245,0.311
ALIGNN-FF,audit_view,5000,36801,1132,0.2264,0.3124
ALIGNN-FF,common_pool,100,31872,57,0.57,0.0
ALIGNN-FF,common_pool,300,31872,145,0.48333333333333334,0.0
ALIGNN-FF,common_pool,500,31872,240,0.48,0.0
ALIGNN-FF,common_pool,1000,31872,499,0.499,0.0
ALIGNN-FF,common_pool,5000,31872,2330,0.466,0.0
ALIGNN-FF,consensus,100,24614,37,0.37,0.0
ALIGNN-FF,consensus,300,24614,90,0.3,0.0
ALIGNN-FF,consensus,500,24614,175,0.35,0.0
ALIGNN-FF,consensus,1000,24614,355,0.355,0.0
ALIGNN-FF,consensus,5000,24614,1630,0.326,0.0
ALIGNN-FF,consensus_stable,100,24614,37,0.37,0.0
ALIGNN-FF,consensus_stable,300,24614,90,0.3,0.0
ALIGNN-FF,consensus_stable,500,24614,175,0.35,0.0
ALIGNN-FF,consensus_stable,1000,24614,355,0.355,0.0
ALIGNN-FF,consensus_stable,5000,24614,1630,0.326,0.0
ALIGNN-FF,mp_common_pool,100,36769,55,0.55,0.0
ALIGNN-FF,mp_common_pool,300,36769,137,0.45666666666666667,0.0
ALIGNN-FF,mp_common_pool,500,36769,226,0.452,0.0
ALIGNN-FF,mp_common_pool,1000,36769,473,0.473,0.0
ALIGNN-FF,mp_common_pool,5000,36769,2233,0.4466,0.0
ALIGNN-FF,mp_native,100,36801,52,0.52,0.0
ALIGNN-FF,mp_native,300,36801,125,0.4166666666666667,0.0
ALIGNN-FF,mp_native,500,36801,202,0.404,0.0
ALIGNN-FF,mp_native,1000,36801,404,0.404,0.0
ALIGNN-FF,mp_native,5000,36801,1695,0.339,0.0
CHGNet,alex_pbe_common_pool,100,36801,70,0.7,0.0
CHGNet,alex_pbe_common_pool,300,36801,191,0.6366666666666667,0.0
CHGNet,alex_pbe_common_pool,500,36801,304,0.608,0.0
CHGNet,alex_pbe_common_pool,1000,36801,579,0.579,0.0
CHGNet,alex_pbe_common_pool,5000,36801,2585,0.517,0.0
CHGNet,alex_pbe_native,100,36801,38,0.38,0.0
CHGNet,alex_pbe_native,300,36801,99,0.33,0.0
CHGNet,alex_pbe_native,500,36801,163,0.326,0.0
CHGNet,alex_pbe_native,1000,36801,321,0.321,0.0
CHGNet,alex_pbe_native,5000,36801,1466,0.2932,0.0
CHGNet,alexmp20_native,100,36801,42,0.42,0.0
CHGNet,alexmp20_native,300,36801,117,0.39,0.0
CHGNet,alexmp20_native,500,36801,184,0.368,0.0
CHGNet,alexmp20_native,1000,36801,359,0.359,0.0
CHGNet,alexmp20_native,5000,36801,1570,0.314,0.0
CHGNet,all_source_native,100,29915,47,0.47,0.0
CHGNet,all_source_native,300,29915,117,0.39,0.0
CHGNet,all_source_native,500,29915,187,0.374,0.0
CHGNet,all_source_native,1000,29915,340,0.34,0.0
CHGNet,all_source_native,5000,29915,1409,0.2818,0.0
CHGNet,audit_view,100,36801,34,0.34,0.39
CHGNet,audit_view,300,36801,85,0.2833333333333333,0.38
CHGNet,audit_view,500,36801,133,0.266,0.372
CHGNet,audit_view,1000,36801,261,0.261,0.354
CHGNet,audit_view,5000,36801,1147,0.2294,0.324
CHGNet,common_pool,100,31872,72,0.72,0.0
CHGNet,common_pool,300,31872,186,0.62,0.0
CHGNet,common_pool,500,31872,289,0.578,0.0
CHGNet,common_pool,1000,31872,540,0.54,0.0
CHGNet,common_pool,5000,31872,2390,0.478,0.0
CHGNet,consensus,100,24614,54,0.54,0.0
CHGNet,consensus,300,24614,128,0.4266666666666667,0.0
CHGNet,consensus,500,24614,207,0.414,0.0
CHGNet,consensus,1000,24614,379,0.379,0.0
CHGNet,consensus,5000,24614,1635,0.327,0.0
CHGNet,consensus_stable,100,24614,54,0.54,0.0
CHGNet,consensus_stable,300,24614,128,0.4266666666666667,0.0
CHGNet,consensus_stable,500,24614,207,0.414,0.0
CHGNet,consensus_stable,1000,24614,379,0.379,0.0
CHGNet,consensus_stable,5000,24614,1635,0.327,0.0
CHGNet,mp_common_pool,100,36769,68,0.68,0.0
CHGNet,mp_common_pool,300,36769,179,0.5966666666666667,0.0
CHGNet,mp_common_pool,500,36769,270,0.54,0.0
CHGNet,mp_common_pool,1000,36769,511,0.511,0.0
CHGNet,mp_common_pool,5000,36769,2293,0.4586,0.0
CHGNet,mp_native,100,36801,62,0.62,0.0
CHGNet,mp_native,300,36801,162,0.54,0.0
CHGNet,mp_native,500,36801,242,0.484,0.0
CHGNet,mp_native,1000,36801,442,0.442,0.0
CHGNet,mp_native,5000,36801,1766,0.3532,0.0
M3GNet,alex_pbe_common_pool,100,36801,67,0.67,0.0
M3GNet,alex_pbe_common_pool,300,36801,192,0.64,0.0
M3GNet,alex_pbe_common_pool,500,36801,311,0.622,0.0
M3GNet,alex_pbe_common_pool,1000,36801,588,0.588,0.0
M3GNet,alex_pbe_common_pool,5000,36801,2706,0.5412,0.0
M3GNet,alex_pbe_native,100,36801,33,0.33,0.0
M3GNet,alex_pbe_native,300,36801,99,0.33,0.0
M3GNet,alex_pbe_native,500,36801,169,0.338,0.0
M3GNet,alex_pbe_native,1000,36801,338,0.338,0.0
M3GNet,alex_pbe_native,5000,36801,1557,0.3114,0.0
M3GNet,alexmp20_native,100,36801,35,0.35,0.0
M3GNet,alexmp20_native,300,36801,112,0.37333333333333335,0.0
M3GNet,alexmp20_native,500,36801,189,0.378,0.0
M3GNet,alexmp20_native,1000,36801,373,0.373,0.0
M3GNet,alexmp20_native,5000,36801,1692,0.3384,0.0
M3GNet,all_source_native,100,29915,44,0.44,0.0
M3GNet,all_source_native,300,29915,119,0.39666666666666667,0.0
M3GNet,all_source_native,500,29915,181,0.362,0.0
M3GNet,all_source_native,1000,29915,370,0.37,0.0
M3GNet,all_source_native,5000,29915,1539,0.3078,0.0
M3GNet,audit_view,100,36801,31,0.31,0.39
M3GNet,audit_view,300,36801,86,0.2866666666666667,0.37666666666666665
M3GNet,audit_view,500,36801,146,0.292,0.352
M3GNet,audit_view,1000,36801,279,0.279,0.342
M3GNet,audit_view,5000,36801,1245,0.249,0.3286
M3GNet,common_pool,100,31872,68,0.68,0.0
M3GNet,common_pool,300,31872,185,0.6166666666666667,0.0
M3GNet,common_pool,500,31872,299,0.598,0.0
M3GNet,common_pool,1000,31872,553,0.553,0.0
M3GNet,common_pool,5000,31872,2520,0.504,0.0
M3GNet,consensus,100,24614,50,0.5,0.0
M3GNet,consensus,300,24614,135,0.45,0.0
M3GNet,consensus,500,24614,212,0.424,0.0
M3GNet,consensus,1000,24614,413,0.413,0.0
M3GNet,consensus,5000,24614,1799,0.3598,0.0
M3GNet,consensus_stable,100,24614,50,0.5,0.0
M3GNet,consensus_stable,300,24614,135,0.45,0.0
M3GNet,consensus_stable,500,24614,212,0.424,0.0
M3GNet,consensus_stable,1000,24614,413,0.413,0.0
M3GNet,consensus_stable,5000,24614,1799,0.3598,0.0
M3GNet,mp_common_pool,100,36769,64,0.64,0.0
M3GNet,mp_common_pool,300,36769,172,0.5733333333333334,0.0
M3GNet,mp_common_pool,500,36769,277,0.554,0.0
M3GNet,mp_common_pool,1000,36769,520,0.52,0.0
M3GNet,mp_common_pool,5000,36769,2405,0.481,0.0
M3GNet,mp_native,100,36801,58,0.58,0.0
M3GNet,mp_native,300,36801,159,0.53,0.0
M3GNet,mp_native,500,36801,250,0.5,0.0
M3GNet,mp_native,1000,36801,461,0.461,0.0
M3GNet,mp_native,5000,36801,1911,0.3822,0.0
MACE-MP,alex_pbe_common_pool,100,36801,70,0.7,0.0
MACE-MP,alex_pbe_common_pool,300,36801,201,0.67,0.0
MACE-MP,alex_pbe_common_pool,500,36801,316,0.632,0.0
MACE-MP,alex_pbe_common_pool,1000,36801,590,0.59,0.0
MACE-MP,alex_pbe_common_pool,5000,36801,2754,0.5508,0.0
MACE-MP,alex_pbe_native,100,36801,37,0.37,0.0
MACE-MP,alex_pbe_native,300,36801,106,0.35333333333333333,0.0
MACE-MP,alex_pbe_native,500,36801,177,0.354,0.0
MACE-MP,alex_pbe_native,1000,36801,337,0.337,0.0
MACE-MP,alex_pbe_native,5000,36801,1653,0.3306,0.0
MACE-MP,alexmp20_native,100,36801,42,0.42,0.0
MACE-MP,alexmp20_native,300,36801,124,0.41333333333333333,0.0
MACE-MP,alexmp20_native,500,36801,205,0.41,0.0
MACE-MP,alexmp20_native,1000,36801,385,0.385,0.0
MACE-MP,alexmp20_native,5000,36801,1806,0.3612,0.0
MACE-MP,all_source_native,100,29915,50,0.5,0.0
MACE-MP,all_source_native,300,29915,125,0.4166666666666667,0.0
MACE-MP,all_source_native,500,29915,193,0.386,0.0
MACE-MP,all_source_native,1000,29915,365,0.365,0.0
MACE-MP,all_source_native,5000,29915,1681,0.3362,0.0
MACE-MP,audit_view,100,36801,34,0.34,0.39
MACE-MP,audit_view,300,36801,91,0.30333333333333334,0.3933333333333333
MACE-MP,audit_view,500,36801,152,0.304,0.356
MACE-MP,audit_view,1000,36801,277,0.277,0.354
MACE-MP,audit_view,5000,36801,1344,0.2688,0.3218
MACE-MP,common_pool,100,31872,71,0.71,0.0
MACE-MP,common_pool,300,31872,191,0.6366666666666667,0.0
MACE-MP,common_pool,500,31872,308,0.616,0.0
MACE-MP,common_pool,1000,31872,565,0.565,0.0
MACE-MP,common_pool,5000,31872,2631,0.5262,0.0
MACE-MP,consensus,100,24614,57,0.57,0.0
MACE-MP,consensus,300,24614,142,0.47333333333333333,0.0
MACE-MP,consensus,500,24614,221,0.442,0.0
MACE-MP,consensus,1000,24614,410,0.41,0.0
MACE-MP,consensus,5000,24614,1911,0.3822,0.0
MACE-MP,consensus_stable,100,24614,57,0.57,0.0
MACE-MP,consensus_stable,300,24614,142,0.47333333333333333,0.0
MACE-MP,consensus_stable,500,24614,221,0.442,0.0
MACE-MP,consensus_stable,1000,24614,410,0.41,0.0
MACE-MP,consensus_stable,5000,24614,1911,0.3822,0.0
MACE-MP,mp_common_pool,100,36769,66,0.66,0.0
MACE-MP,mp_common_pool,300,36769,184,0.6133333333333333,0.0
MACE-MP,mp_common_pool,500,36769,288,0.576,0.0
MACE-MP,mp_common_pool,1000,36769,529,0.529,0.0
MACE-MP,mp_common_pool,5000,36769,2492,0.4984,0.0
MACE-MP,mp_native,100,36801,61,0.61,0.0
MACE-MP,mp_native,300,36801,168,0.56,0.0
MACE-MP,mp_native,500,36801,265,0.53,0.0
MACE-MP,mp_native,1000,36801,465,0.465,0.0
MACE-MP,mp_native,5000,36801,2044,0.4088,0.0
